wl	I	dolp	aop	docp
400.0	NaN	NaN	NaN	NaN
400.3003003003003	0.00017052475867016054	0.544537126233598	-10.247526675162497	-0.838736739479829
400.6006006006006	0.00017662769993074143	0.6461401395389273	-9.5965807820461	-0.763218789127086
400.9009009009009	NaN	NaN	NaN	NaN
401.20120120120123	0.0002020480619139613	0.7773926553984981	-10.421330540182327	-0.6290156272561691
401.5015015015015	NaN	NaN	NaN	NaN
401.8018018018018	NaN	NaN	NaN	NaN
402.1021021021021	0.00013838585533800746	0.7531255158403779	-7.227699665071959	-0.6578768557945815
402.4024024024024	0.0001505537275410813	0.45385448128849026	-3.1572321503815153	-0.891075815974351
402.7027027027027	NaN	NaN	NaN	NaN
403.003003003003	0.00012740612693487897	0.511909917949578	-3.28146579295324	-0.8590391352580256
403.3033033033033	0.00010178295769364803	0.48563977380826556	3.733759901434601	-0.8741590302087239
403.60360360360363	0.00010631480487988354	0.5166451301219273	3.358261461572066	-0.8561996318156746
403.9039039039039	0.00011255220477636221	0.6212323814961818	-6.917293418489139	-0.7836263957911209
404.2042042042042	0.0001117333093839725	0.6139182541984398	-4.103354141850982	-0.7893696074475758
404.5045045045045	0.000148464075942934	0.4840579672766834	-6.498223923875259	-0.8750359331570133
404.8048048048048	0.00015848047025302512	0.4321946074330274	-10.982315922254218	-0.9017803620094038
405.1051051051051	0.0002174468999956353	0.3817255366231896	-9.82936247124608	-0.9242757243862558
405.4054054054054	NaN	NaN	NaN	NaN
405.7057057057057	0.00023773042551349018	0.2898652669395892	-10.101687514278002	-0.9570674621060109
406.00600600600603	NaN	NaN	NaN	NaN
406.3063063063063	0.00031772912436522406	0.25209441080054906	-12.587849959359936	-0.9677026444332597
406.6066066066066	0.0003102289815596297	0.27389471453257086	-16.941752336089184	-0.9617596817038659
406.9069069069069	0.00031528639309938655	0.34076072501295585	-27.71219209797	-0.9401500562615761
407.2072072072072	NaN	NaN	NaN	NaN
407.5075075075075	0.00034547176797686393	0.3615875847145495	-15.674255028305671	-0.8789658462628699
407.8078078078078	0.0003459846830511147	0.3276816168949889	-17.648101535390396	-0.8717313062373316
408.1081081081081	0.0003392766795919689	0.3052066564379039	-17.854492081685102	-0.8695000608093751
408.40840840840843	NaN	NaN	NaN	NaN
408.7087087087087	0.0003718338921899552	0.3197749970788125	-9.438173359566404	-0.8793206916242632
409.009009009009	0.0004103054760509945	0.33776208234896715	-6.2818380586550635	-0.8245933818070912
409.3093093093093	0.0004170719148975739	0.33618395583206423	-3.1835225459807948	-0.7956267993992444
409.6096096096096	0.00043882380859393147	0.2592925814743535	-8.500320412355391	-0.791745480915663
409.9099099099099	0.00045495916162207895	0.2763344815164687	-6.533485288843061	-0.8294034623569814
410.2102102102102	0.00048636930844980054	0.3732066457320221	0.36270757572929424	-0.8426713171755269
410.5105105105105	0.0004957313508336354	0.3097084846592651	1.2367429582871061	-0.7841188555886335
410.81081081081084	0.0005123634093043581	0.2591466298806832	-1.5378597742033762	-0.8379603320092881
411.1111111111111	0.0005468761365432715	0.24745875135526746	-4.185405763091997	-0.8575991868924756
411.4114114114114	NaN	NaN	NaN	NaN
411.7117117117117	0.0005137337477365888	0.31141107710300175	5.997945293641631	-0.9502752975099101
412.012012012012	0.000588681102645116	0.26312761086775155	-0.4875317160227132	-0.9647610379772956
412.3123123123123	0.0006137726951208803	0.28749158141166037	-3.640843952875559	-0.9577831647181019
412.6126126126126	NaN	NaN	NaN	NaN
412.91291291291293	0.0006107296163238736	0.2893363200071768	-12.82374453470836	-0.9572275037443839
413.21321321321324	NaN	NaN	NaN	NaN
413.5135135135135	0.0006663818041620059	0.23728064700659152	-18.393969980059143	-0.9714411431250651
413.8138138138138	0.0006699530463849586	0.2284669946396161	-13.433400477291698	-0.9735516588041652
414.1141141141141	0.000657483709036927	0.19331428177435622	-8.958215454208831	-0.981136885690302
414.4144144144144	NaN	NaN	NaN	NaN
414.7147147147147	NaN	NaN	NaN	NaN
415.015015015015	NaN	NaN	NaN	NaN
415.31531531531533	0.0007178536918337058	0.2235229124221271	-15.672905408231228	-0.9746986752952577
415.61561561561564	NaN	NaN	NaN	NaN
415.9159159159159	NaN	NaN	NaN	NaN
416.2162162162162	NaN	NaN	NaN	NaN
416.5165165165165	0.0006993649500251187	0.16353733177657342	-25.020361071715918	-0.98653714634341
416.8168168168168	0.0007170996246234695	0.13272002663859167	-24.772565779991375	-0.9911535675812561
417.1171171171171	0.0007136166578226984	0.15280795090874102	-23.183109348208138	-0.9882559031642926
417.4174174174174	0.0007162464610004056	0.1468011071596667	-7.819346735095327	-0.9891660300155358
417.71771771771773	NaN	NaN	NaN	NaN
418.01801801801804	0.0007241271837768857	0.14672821659128615	-7.218922657360884	-0.9891768448846447
418.3183183183183	0.0007420217514299025	0.09871159791780423	-16.495224210363258	-0.995116083900021
418.6186186186186	0.0007170245134011259	0.11733659350558732	11.281784515311923	-0.99309220308313
418.9189189189189	NaN	NaN	NaN	NaN
419.2192192192192	NaN	NaN	NaN	NaN
419.5195195195195	0.0007068728087664412	0.052048099446531944	-17.588103481062205	-0.9986445790890791
419.8198198198198	0.0008138649337236753	0.09809017056125749	-9.90026703944386	-0.9951775311165658
420.12012012012013	NaN	NaN	NaN	NaN
420.42042042042044	0.0008804764261574652	0.06651170538238654	25.253695155204294	-0.9977856448391741
420.72072072072075	0.0008925355136401355	0.07662383272385795	15.815485444738531	-0.9970600725426259
421.021021021021	NaN	NaN	NaN	NaN
421.3213213213213	0.0009303882091908494	0.04188230075422885	40.40492581732178	-0.9991225514838168
421.6216216216216	0.0009397812779913696	0.0311841069356902	18.693729415658733	-0.9995136574727848
421.9219219219219	0.0009657925079754716	0.030925179432961414	2.1040426716371736	-0.9995217022541527
422.22222222222223	NaN	NaN	NaN	NaN
422.52252252252254	NaN	NaN	NaN	NaN
422.82282282282284	0.001036067878090364	0.11623733654603274	7.250860961289333	-0.993221466538397
423.12312312312315	0.0010632611367040155	0.11115015930892697	9.275892232222835	-0.9938036235019473
423.4234234234234	0.0011194184678124531	0.10222084125415157	31.239129896190104	-0.9947617300707208
423.7237237237237	0.0011410506873842426	0.10551529460501087	25.542262933584432	-0.9944176801547817
424.024024024024	0.001088509787830761	0.10634246343723339	27.849959489074198	-0.9943295633089165
424.3243243243243	NaN	NaN	NaN	NaN
424.62462462462463	NaN	NaN	NaN	NaN
424.92492492492494	0.0010992317388780536	0.08762612622774041	16.820647533757633	-0.9961534329621717
425.22522522522524	0.0011565082912730568	0.10375103217704389	16.05070374531358	-0.9946032994728089
425.52552552552555	NaN	NaN	NaN	NaN
425.8258258258258	0.001195131795315275	0.14758668478970563	29.701658704216346	-0.9749596929542222
426.1261261261261	0.0012238314596293503	0.16331880201096308	27.86794628415389	-0.9751977499265492
426.4264264264264	0.001203892835290726	0.13675475060982628	31.61153970704874	-0.963805848450733
426.7267267267267	0.0012244125700895466	0.07438739882295642	32.07301960751105	-0.9611872293118777
427.02702702702703	0.0012478701927636894	0.08772946481082282	40.2405237796235	-0.9498908831251084
427.32732732732734	0.0012394183409118375	0.08613065702921986	36.530005082096906	-0.9395811985214821
427.62762762762765	0.0012826128918273026	0.09788608821794907	29.950846783646945	-0.922391583658596
427.92792792792795	0.001265222529081931	0.08528363365808266	25.581137826556553	-0.9689856285709867
428.2282282282282	0.0013352616211491422	0.09412026022704789	22.20621282484661	-0.9726943953694345
428.5285285285285	NaN	NaN	NaN	NaN
428.8288288288288	NaN	NaN	NaN	NaN
429.1291291291291	0.0014126883297203166	0.09173509377780223	17.49207094042105	-0.9957834466236009
429.42942942942943	0.0014031273509236566	0.09601103164314795	20.932234981112053	-0.9953802699485349
429.72972972972974	NaN	NaN	NaN	NaN
430.03003003003005	0.0014456374171935716	0.08912804663264536	14.204925528333401	-0.996020176152797
430.33033033033036	0.0014485986908399553	0.08144997150978597	24.44637750902491	-0.9966774313392749
430.6306306306306	0.0014567258621248922	0.06612076981665468	30.169372851854625	-0.9978116274121347
430.9309309309309	0.0015009215560994563	0.10548643778530914	27.552695877855054	-0.99442074165987
431.2312312312312	0.0015540271825753172	0.0712266065300499	28.180465366938602	-0.9974601598671565
431.5315315315315	NaN	NaN	NaN	NaN
431.83183183183183	0.0015790320726200156	0.07329493882018197	36.11636722438998	-0.9973103087521685
432.13213213213214	0.001623842334443208	0.08222478852447311	40.224032132513166	-0.9966138089310752
432.43243243243245	0.0016054280220276702	0.07854501053622669	46.91028431329062	-0.9969105683660214
432.73273273273276	0.001647042800622455	0.09573506823971122	44.78379159661208	-0.9954068498403744
433.033033033033	0.0016997207173067666	0.0983732710959519	55.97860869593104	-0.9951495865114361
433.3333333333333	NaN	NaN	NaN	NaN
433.6336336336336	0.0017004836541630705	0.1081717111497252	47.856120633691035	-0.9941322250621093
433.93393393393393	0.0017258157706896893	0.12346997514828906	48.34310125084292	-0.9923483084264723
434.23423423423424	0.0017847541376480999	0.10594549425878506	58.84624399801115	-0.994371938585488
434.53453453453454	NaN	NaN	NaN	NaN
434.83483483483485	0.0018763838968435722	0.09618477703698655	49.26325970909133	-0.9953634957473301
435.13513513513516	0.0018957081100220911	0.12147761663078678	50.135474766995145	-0.9925941711785857
435.4354354354354	0.0018730452744821846	0.09393065622494898	47.56070553384438	-0.9955787421500875
435.7357357357357	0.0019183939106596046	0.1117693951382395	42.49096618028755	-0.9937341708477333
436.036036036036	0.0019382797525578548	0.10043874727327282	39.917388756561174	-0.994943243630598
436.33633633633633	0.001963197505703899	0.08493737546348648	41.6589948248713	-0.9963862916807792
436.63663663663664	0.002017792419132386	0.08743355737564196	37.760412792855455	-0.9961703534258787
436.93693693693695	0.002012914985694565	0.06903531717368515	45.020383831837876	-0.9976142165099335
437.23723723723725	NaN	NaN	NaN	NaN
437.53753753753756	0.0020067923984421663	0.04392547554808868	48.2082894585667	-0.9990348105035551
437.8378378378378	NaN	NaN	NaN	NaN
438.1381381381381	0.0020382079894623053	0.049146187990444096	46.88814022337945	-0.9987915959828696
438.4384384384384	0.002079604460499351	0.0727777847384496	35.361713244386046	-0.9973481809521506
438.73873873873873	NaN	NaN	NaN	NaN
439.03903903903904	0.0022229498899745083	0.07028588089427398	29.21144938916063	-0.9975268893352779
439.33933933933935	0.002246622336540082	0.014729412865115223	56.66813235340926	-0.9998915163139693
439.63963963963965	0.0022461284858954224	0.02546360221120205	57.49322670988725	-0.9996757499121551
439.93993993993996	NaN	NaN	NaN	NaN
440.24024024024027	0.0023144089563124576	0.01885175783046996	73.40357442869987	-0.999822289822897
440.5405405405405	0.002263598570440168	0.0238305831020339	54.190469370134544	-0.9997160113297261
440.8408408408408	0.002254853675841097	0.04513512471054076	65.61251077946594	-0.9989808909670714
441.14114114114113	0.002264649925235894	0.0637808817990554	50.732715532391765	-0.9979639267613509
441.44144144144144	0.00229375317025144	0.06228765326958154	44.630246263034415	-0.9980582389070131
441.74174174174175	0.0023095857360633325	0.07571315597037659	43.84568877613526	-0.9971296395218654
442.04204204204206	0.002336632786012249	0.06786355545284214	39.703828220367726	-0.9976946115126106
442.34234234234236	NaN	NaN	NaN	NaN
442.64264264264267	0.0023613879172104894	0.0461903576453293	56.80082926118356	-0.9989326558184973
442.9429429429429	NaN	NaN	NaN	NaN
443.2432432432432	0.0023348642173682582	0.034902209172431385	69.34869749400376	-0.9854966382086621
443.54354354354354	0.0023481127979096336	0.0440777162671731	47.19024149328287	-0.971216249405771
443.84384384384384	0.002304657552003421	0.040851850647789595	51.822375905841895	-0.9834655729985329
444.14414414414415	0.002345038785207501	0.03941709571086055	66.28077543097487	-0.942821880022944
444.44444444444446	0.0023684409016096176	0.05692947334031677	69.00882112583567	-0.9378984501110305
444.74474474474476	0.0023393231251336694	0.06492551842713162	74.01038438687253	-0.9720894727826129
445.0450450450451	0.002369735046168438	0.03975145664139728	82.65868671378006	-0.9627660990981016
445.3453453453453	0.002426663246575724	0.06304334443970692	86.12524740715259	-0.9606730847231716
445.64564564564563	0.002423156429640788	0.0837268349343621	87.81928086048664	-0.9489151096831134
445.94594594594594	0.002461338378850856	0.0809704886613304	-88.57157615707014	-0.9677409752543886
446.24624624624624	0.0024625333072967517	0.0866935659037057	88.97691010627295	-0.9639682860164593
446.54654654654655	0.002488393466677825	0.08469426284890867	89.84763119914388	-0.9506872874427553
446.84684684684686	0.002479724683609042	0.09315005256064746	78.94501396651015	-0.9521762009242758
447.14714714714717	0.0024569737997600914	0.10314892991439506	81.59581387304574	-0.9789808656085726
447.4474474474475	0.0024069789326861385	0.10320966175018167	81.1851665488105	-0.9867592695327344
447.7477477477477	0.0025087315330897053	0.1128252439677847	77.59197933872441	-0.978481028322458
448.04804804804803	NaN	NaN	NaN	NaN
448.34834834834834	0.0025108185566430343	0.10474612971182821	80.64778934286092	-0.9944989936195978
448.64864864864865	NaN	NaN	NaN	NaN
448.94894894894895	NaN	NaN	NaN	NaN
449.24924924924926	0.0026771202583419874	0.08675679038727656	77.96240947373028	-0.9962295214064368
449.54954954954957	NaN	NaN	NaN	NaN
449.8498498498499	NaN	NaN	NaN	NaN
450.1501501501501	0.0027194437385700213	0.06940831086605023	65.85556659981657	-0.9975883351276325
450.45045045045043	NaN	NaN	NaN	NaN
450.75075075075074	0.0027314916700432886	0.06218454366977706	70.87664926519587	-0.9980646685103032
451.05105105105105	0.002829502646113212	0.05197437104608829	81.0220668147537	-0.9986484189915705
451.35135135135135	0.002826728276120839	0.06102483935291252	77.42841524259731	-0.9981362477046665
451.65165165165166	NaN	NaN	NaN	NaN
451.95195195195197	NaN	NaN	NaN	NaN
452.2522522522523	NaN	NaN	NaN	NaN
452.5525525525525	0.002942469696968523	0.10522958817992777	66.2848639801232	-0.9944479542799023
452.85285285285283	0.0029382474595565523	0.10530279267292665	63.33238318675231	-0.9944402052689154
453.15315315315314	NaN	NaN	NaN	NaN
453.45345345345345	0.0029878024465416556	0.11663089705474522	60.25837183226106	-0.9931753288580045
453.75375375375376	0.0029479062441200112	0.12134567535727857	59.763919162502475	-0.992610309775234
454.05405405405406	NaN	NaN	NaN	NaN
454.35435435435437	0.0030783226025422853	0.11007794745544655	66.85583982769668	-0.9916339139820355
454.6546546546547	NaN	NaN	NaN	NaN
454.9549549549549	0.0030828714875183773	0.08483776734511225	63.32745350357081	-0.9963947778024012
455.25525525525524	0.0031226401285280826	0.10443878212142514	66.4268531336983	-0.9945313171484312
455.55555555555554	0.0031719201553916452	0.10225728589300388	63.27951639266126	-0.9947579843770024
455.85585585585585	0.0032333701862319697	0.0752312410472971	64.86714282378901	-0.9971661147323867
456.15615615615616	0.0032538621416836368	0.07892482650255164	71.9509343403819	-0.996880570460445
456.45645645645646	NaN	NaN	NaN	NaN
456.7567567567568	NaN	NaN	NaN	NaN
457.0570570570571	0.003350607578384129	0.06652593863305961	79.06405268197739	-0.9977846959584971
457.35735735735733	NaN	NaN	NaN	NaN
457.65765765765764	0.003451980159999484	0.05928348851241558	81.24319715461013	-0.9982411872838138
457.95795795795794	0.003475063065963304	0.06509123395566024	87.13651197626409	-0.997879316982835
458.25825825825825	NaN	NaN	NaN	NaN
458.55855855855856	0.003573343200404425	0.04481820863500434	83.58280882935398	-0.998995159234893
458.85885885885887	0.003657119583175459	0.062189171219276466	84.00041264919375	-0.998064380179485
459.1591591591592	0.003668557267753786	0.07749842500759205	85.61160008856035	-0.9969924744557216
459.4594594594595	0.0037047610184493913	0.05006490951470142	-89.16881802110132	-0.9987459661171527
459.75975975975973	NaN	NaN	NaN	NaN
460.06006006006004	0.0038015331231809253	0.06844995093562654	87.07971423643828	-0.9955559532153764
460.36036036036035	0.0038535447633925666	0.06132072086600591	85.59043390903578	-0.9925788082110559
460.66066066066065	0.003995310839586762	0.05270791357099816	84.14630695498435	-0.9825830339698843
460.96096096096096	0.003977823909020745	0.0540542594570697	85.2378684000632	-0.9881301772902403
461.26126126126127	0.004054111739708576	0.05109838899367262	82.29032858591457	-0.9809217974082329
461.5615615615616	0.0040611496154954844	0.06481480024196763	79.14907289652191	-0.9804235192048925
461.8618618618619	0.0040302647399596435	0.06175108277757977	71.93371268962584	-0.9785019382149395
462.1621621621622	0.004144187649361639	0.07292743663690726	73.53372211062468	-0.9857230286967168
462.46246246246244	0.004165274263769166	0.09086424009610004	74.0446343372394	-0.9829981223132417
462.76276276276275	0.00417281356877842	0.09944844374934843	75.12516604742805	-0.9816917912941465
463.06306306306305	0.004225041082005933	0.09483144088673548	72.93770944212464	-0.9852522216916632
463.36336336336336	NaN	NaN	NaN	NaN
463.66366366366367	0.004321126372568045	0.09353813437231334	72.49247138308121	-0.9956156976555498
463.963963963964	0.004393396283877157	0.09381783012637931	71.71527124284452	-0.995589380593414
464.2642642642643	0.004435250256608789	0.0924007087291675	69.66975232571694	-0.995721903458163
464.5645645645646	0.00450198773592437	0.09426898563806031	65.09044344629855	-0.9955467635157933
464.86486486486484	0.004521830391420328	0.09484995378494188	63.29153345059581	-0.9954915802089912
465.16516516516515	NaN	NaN	NaN	NaN
465.46546546546546	0.004694869247714068	0.0997516724744382	64.44109879080992	-0.9950123636611519
465.76576576576576	NaN	NaN	NaN	NaN
466.06606606606607	0.004869218910515843	0.08971931495903679	68.2969303925247	-0.9959670900804308
466.3663663663664	0.004916317646954537	0.09628703841814444	66.37093855761918	-0.9953536086399961
466.6666666666667	0.004957649481136385	0.09183583994702582	65.48586255162401	-0.995774160390409
466.966966966967	0.005094284232929102	0.0865115998448939	69.66647783137901	-0.996250843458753
467.26726726726724	0.005117668161204502	0.09126965182974157	69.74178607104619	-0.9958262150871896
467.56756756756755	0.005166510243249549	0.08961904501967544	69.41909042215987	-0.9959761175699753
467.86786786786786	NaN	NaN	NaN	NaN
468.16816816816817	NaN	NaN	NaN	NaN
468.4684684684685	0.005390953971167216	0.10135918737547843	72.30482123092914	-0.9948498957805557
468.7687687687688	NaN	NaN	NaN	NaN
469.0690690690691	0.005540678282084799	0.11289842578848751	73.2960600989104	-0.9936065345268625
469.3693693693694	NaN	NaN	NaN	NaN
469.66966966966964	0.005679142444966992	0.1083861134349563	78.86654566327414	-0.9941088725157143
469.96996996996995	NaN	NaN	NaN	NaN
470.27027027027026	0.005837539173760171	0.10336031152657386	77.00274885900731	-0.9946439795228892
470.57057057057057	0.005944972349072174	0.09556281218474515	80.0039005523144	-0.9954234018383047
470.8708708708709	NaN	NaN	NaN	NaN
471.1711711711712	0.006161789646739382	0.09063084263097491	78.2047592544532	-0.9956388212224768
471.4714714714715	0.006289651022400758	0.08665724854431103	77.36964803238915	-0.9879064513500747
471.7717717717718	0.00655278323616109	0.08318280938112987	77.44611071473867	-0.977207372933487
472.07207207207205	0.0067135452022949365	0.07765220469900685	77.62301431152618	-0.9648472389393862
472.37237237237235	0.0069084139239917785	0.06772567259594363	81.36066556953095	-0.9667116125503591
472.67267267267266	0.006979784136282904	0.06249599825924368	80.21435513324322	-0.9647917675231825
472.97297297297297	0.007249995218567801	0.05531583084038916	83.73865812788809	-0.959769277299997
473.2732732732733	0.007387286443309993	0.05415503535329543	84.2940616160259	-0.9600171954103957
473.5735735735736	0.007649542431258775	0.05702935362596909	77.30309981280404	-0.9579141859639301
473.8738738738739	0.007800487624254935	0.05759397221693062	75.65457227150037	-0.9570046547049907
474.1741741741742	0.008165291079681239	0.06251992181394223	79.21213339544533	-0.9531433365044704
474.47447447447445	0.008368027368166558	0.0617867992325565	79.7794105694554	-0.9558853051056208
474.77477477477476	0.008699645296212607	0.0688809744865069	77.5615255956404	-0.9713132496145755
475.07507507507506	0.008917228364995677	0.07390001174884495	76.19560477201019	-0.9728396278561621
475.37537537537537	0.009396500542118822	0.07059286722069365	78.00774092428205	-0.9698187390273076
475.6756756756757	0.009679098425716702	0.0758040619134537	79.19225897741093	-0.969311789087865
475.975975975976	0.010157460611301737	0.0789066301079615	77.94116911110027	-0.9747074412780334
476.2762762762763	0.010439665840935081	0.08113367148858854	76.9113733327116	-0.975137950026032
476.5765765765766	0.011101772657870023	0.08597805141745486	77.66637041135526	-0.9711513630240436
476.87687687687685	0.011408858372155736	0.08403580562716748	77.8099330153399	-0.9720230294303788
477.17717717717716	0.012027577509972942	0.0855340880533672	78.66804613952999	-0.9779687571432805
477.47747747747746	0.012449740472935905	0.09030376230169986	78.51704464653791	-0.9715960637646939
477.77777777777777	0.01320634146976502	0.08471596144632379	78.42150601553526	-0.9719564429750243
478.0780780780781	0.013623954168177717	0.08626248384232299	77.60876369057219	-0.973516271186397
478.3783783783784	0.014529001725853396	0.08015214166834782	76.47229124245104	-0.9742681914638207
478.6786786786787	0.015016902535777052	0.0779519574566933	76.77959698480736	-0.976621460798153
478.978978978979	0.016044350154824676	0.07154116150522484	75.87352825529277	-0.9696768949960897
479.27927927927925	0.016564142527966078	0.0704819240440322	77.04363151436618	-0.9724736325513537
479.57957957957956	0.01765097321579676	0.07350258310402918	75.34758898050247	-0.9753594001555003
479.87987987987987	0.01822657109939465	0.07052666798935797	75.3478500755437	-0.9794785104700973
480.1801801801802	0.019568802625975202	0.07112341205838936	74.24702375433732	-0.9764344398221037
480.4804804804805	0.020218910623855085	0.06938360124362566	75.30802466751176	-0.9795093281077103
480.7807807807808	0.0217304683571847	0.07090046447280077	74.17158061833122	-0.9800089201962524
481.0810810810811	0.02257728974065705	0.07208255804864272	74.82598042731784	-0.978339403243493
481.3813813813814	0.024400747322416566	0.07043435250449877	74.54755243337735	-0.9722924974367475
481.6816816816817	0.025307313398610764	0.06721891557627603	74.82950406511647	-0.975175919005659
481.98198198198196	0.027325875584195792	0.06663643303492811	76.31348593718629	-0.9769793174157113
482.28228228228227	0.02835072531964553	0.0644170847047307	76.55186859338782	-0.9785376937798648
482.5825825825826	0.03065640568155401	0.06706990697451208	77.4982273819573	-0.9794438489086726
482.8828828828829	0.031930046951395286	0.06814995955288793	77.65813521120769	-0.9763950279501771
483.1831831831832	0.03473182818459936	0.07056507066698546	78.79825302177066	-0.9740320276425825
483.4834834834835	0.03617552569717596	0.07155946810472265	78.83568303175657	-0.9737909976983269
483.7837837837838	0.03940214807747743	0.07217342736243476	78.23164149966071	-0.9718219814599861
484.0840840840841	0.04103272056424991	0.07381438972624282	78.20237139908853	-0.9710879758155329
484.38438438438436	0.04463465200063232	0.07567239523637023	79.25769653865277	-0.9726976025535345
484.68468468468467	0.046607675219683654	0.0758002058198434	78.81703227986928	-0.9702582733581967
484.984984984985	0.050722032891641324	0.07499899915964527	79.10630892249887	-0.9708078786146445
485.2852852852853	0.05297830372974028	0.07448482080620805	78.5503459832374	-0.9712609101691059
485.5855855855856	0.05773743171069639	0.07576430270502725	78.72746067043391	-0.9749803306758252
485.8858858858859	0.0603598730419096	0.07706566250631794	78.78159222396053	-0.9749298900578015
486.1861861861862	0.06602487827154295	0.07773848259642882	78.32610830534212	-0.974073665350805
486.4864864864865	0.06918312265461544	0.07876748321066385	78.36725046120294	-0.972703653037466
486.78678678678676	0.07568995346519003	0.07941857583332747	78.13520701892857	-0.9728064239588115
487.08708708708707	0.07919382224825881	0.08051757084276087	78.46337318174353	-0.9734732785570555
487.3873873873874	0.08685976504402974	0.08092550250484559	78.2251439238083	-0.9741747925763825
487.6876876876877	0.09097690055513712	0.08004641339541085	78.10396953396516	-0.9743387262440597
487.987987987988	0.09956745623343655	0.07931812263576431	78.53987191316746	-0.9756894260927993
488.2882882882883	0.10434128692126722	0.07955661785450936	78.5879045775181	-0.9754391339276939
488.5885885885886	0.11430416946094978	0.07821481647535143	78.68366635664272	-0.97531039256392
488.8888888888889	0.11954697051915082	0.0780266196346078	78.61528010296782	-0.9760016030364486
489.18918918918916	0.13084348274983496	0.07827921906151325	78.71456418439736	-0.9751405373024009
489.4894894894895	0.1367730584112106	0.07908506244933476	78.66623933677447	-0.9748239330658248
489.7897897897898	0.1492882055011577	0.0788021363981497	78.65877642995308	-0.9746016837948764
490.0900900900901	0.15580165094243126	0.07833950176476787	78.69794501999341	-0.9740928624097881
490.3903903903904	0.16923715153290372	0.07851616959237868	78.37059642135272	-0.9736015457168966
490.6906906906907	0.17622299915195136	0.07826954670634942	78.37169800390684	-0.973629791086604
490.990990990991	0.19042615047470268	0.07837985979503803	78.3634085422906	-0.9727082398963892
491.2912912912913	0.19764583513078735	0.07752122557215388	78.13244794072561	-0.9721996867005822
491.59159159159157	0.21189254306729524	0.0773530767305635	78.32914380244719	-0.9715988854264783
491.8918918918919	0.21912657051915085	0.07776945521762353	78.43692085480507	-0.9710182034474016
492.1921921921922	0.233706373693754	0.07853031540053988	78.57625494219398	-0.969442503543302
492.4924924924925	0.24072577269692488	0.07851665525617457	78.65346818788387	-0.9687735518979116
492.7927927927928	0.25479065735300954	0.07899036366584933	78.86071551818227	-0.9683300779166116
493.0930930930931	0.26156647011279416	0.07905712223090394	78.97380134101253	-0.9678755109071037
493.3933933933934	0.2745057325466566	0.08022152846841257	78.93119045352816	-0.9676252660360883
493.6936936936937	0.2807300436577677	0.08027386991792906	79.01851828269456	-0.9674799960584619
493.99399399399397	0.29236333366622963	0.0810666308173376	78.95200877973265	-0.966638552931923
494.2942942942943	0.2978271453678132	0.08133639092966319	78.89950423603972	-0.9662312614302271
494.5945945945946	0.30765999616146394	0.08174474671755415	79.09347450686684	-0.9652290164624234
494.8948948948949	0.3119801993974391	0.0821163844782844	79.20779276131056	-0.9646165596153672
495.1951951951952	0.31980798881542855	0.08209361392363997	79.2349424455423	-0.9642080027725474
495.4954954954955	0.32311724595828567	0.08296293669462679	79.2774344005071	-0.9638099670069429
495.7957957957958	0.32847256864823654	0.08376747810019818	79.35844822426846	-0.9632558030121336
496.0960960960961	0.3305254840535238	0.08391078816468342	79.26935354836156	-0.9631110595363568
496.39639639639637	0.3332047834630513	0.08384210725848301	79.28198796812478	-0.9630739327295189
496.6966966966967	0.3339139177932138	0.08371881153549728	79.29077403781409	-0.9628939332130692
496.996996996997	0.33369091990961586	0.08426919784236654	79.30121615620536	-0.9626898744277761
497.2972972972973	0.3329610193805153	0.084803714628317	79.34325769011312	-0.9625039464936737
497.5975975975976	0.3299196637635878	0.0843773649784562	79.46752424970819	-0.9618054194141955
497.8978978978979	0.3276722733487693	0.08449898820796985	79.45252607147604	-0.9618663394429714
498.1981981981982	0.32165601197310795	0.08414621770897597	79.44939352829465	-0.9622095374040939
498.4984984984985	0.3178760881022122	0.08401334112025449	79.51550832210712	-0.962254986098558
498.79879879879877	0.3093431008006249	0.08429721308752984	79.52449005524225	-0.9629070849336657
499.0990990990991	0.30435884259956664	0.08392934385478061	79.69165544069043	-0.9631441163722356
499.3993993993994	0.2932424245487768	0.08412143993205448	79.85380075572323	-0.9632751253922172
499.6996996996997	0.28715941608316825	0.08354331444125021	79.93857770667591	-0.9635552461523045
500.0	0.27424395053607464	0.08299645252217601	79.9478800277982	-0.9641394189441913
500.3003003003003	0.2602737326080286	0.08275783634888369	80.0933788067141	-0.9646943646708411
500.6006006006006	0.2529860383667624	0.08253842995176769	80.11198922293966	-0.9645697606842711
500.9009009009009	0.23777984272231056	0.082978998419137	80.07020078257939	-0.9654915216448196
501.20120120120123	0.2300688596535275	0.08278739120442215	79.84074585409974	-0.9654549275570157
501.5015015015015	0.2142264702355381	0.08201119568994582	79.84266971358616	-0.9670499251559451
501.8018018018018	0.20638047446834232	0.08242784953523896	79.84303382626449	-0.9675677071598205
502.1021021021021	0.19052992513924924	0.082347335000574	80.126271079831	-0.9671179023286681
502.4024024024024	0.18269779921332327	0.08235280190051557	80.31196594988266	-0.9666074157634218
502.7027027027027	0.16720948287257884	0.08208886012737743	80.70315067156058	-0.9667910510400222
503.003003003003	0.1596218119731079	0.0815193105348942	80.89614920395668	-0.9669014326210509
503.3033033033033	0.14475858334030742	0.08219685622874509	80.59542144884212	-0.9679820116552305
503.60360360360363	0.1376667590016831	0.08105368241610615	80.57403830353455	-0.9681602864745781
503.9039039039039	0.12393254213183807	0.0797822276067292	80.31372397453654	-0.967715007160965
504.2042042042042	0.11742433578263174	0.08059693359288884	80.50311921285834	-0.9675054570357379
504.5045045045045	0.10487068592443814	0.08049643829229217	80.12945297189215	-0.9681716227124367
504.8048048048048	0.09893070920486141	0.08082971309848226	80.18813589410182	-0.9683657564501803
505.1051051051051	0.0877646203159725	0.0787425491759453	79.94211652375736	-0.968605477943694
505.4054054054054	0.08258340755618788	0.07716324036769588	80.28435756168501	-0.9688186951612605
505.7057057057057	0.07299154406412438	0.07449281171387939	79.93319876476585	-0.9665946346176755
506.00600600600603	0.06856858110116142	0.07358166143571795	79.88003399873895	-0.9663077182945274
506.3063063063063	0.060497916392817624	0.07121594331963976	79.75020828746523	-0.966187712650601
506.6066066066066	0.05680550369440492	0.07011197979537656	79.52811899079875	-0.9660538440246355
506.9069069069069	0.050138010572711805	0.06886347828080937	78.67731391046735	-0.9670419463972202
507.2072072072072	0.04716839040551976	0.06886851691223363	78.30997586927414	-0.9671530235399599
507.5075075075075	0.04200754272510019	0.06748112740036813	78.16304708382613	-0.9659336486495836
507.8078078078078	0.0396338094531388	0.06848055977677155	77.9569158543869	-0.9667813844463776
508.1081081081081	0.035513056852735224	0.06913381776033133	78.4241383545716	-0.9712142080847674
508.40840840840843	0.033730566905645284	0.06885781051743359	78.23065225087224	-0.9717296429909462
508.7087087087087	0.030697331049553193	0.06887421207104019	79.62892164643013	-0.9703434345410424
509.009009009009	0.02947960406542621	0.06715807767412195	79.45519480262615	-0.9677509739721213
509.3093093093093	0.027352747541867752	0.0665723140369338	80.43648819870555	-0.9662977284186929
509.6096096096096	0.02643079628048837	0.0669893155046209	80.41004481869713	-0.9642380836710996
509.9099099099099	0.024915293634985725	0.07005548231090472	81.09975866085095	-0.9644637614053376
510.2102102102102	0.024241956068848162	0.07098246232946713	80.25889872346602	-0.9672760246114919
510.5105105105105	0.02314916792851099	0.06988116167047584	79.12868135505126	-0.9695595637249723
510.81081081081084	0.02273289485126603	0.07093941553991182	79.29174392950202	-0.9692959761938295
511.1111111111111	0.022041500919649248	0.07133347251043688	79.71475195070248	-0.9693933818389041
511.4114114114114	0.02170511473763495	0.07043467375817039	79.39510863341721	-0.9706982486853049
511.7117117117117	0.02128811691540901	0.07240911581859173	79.3566756950334	-0.9712051866261235
512.0120120120121	0.02097883447243377	0.07162900871460484	78.42413864771892	-0.9660454067552222
512.3123123123123	0.020892147699947	0.0723495929873762	78.16025974332314	-0.9652925086945898
512.6126126126126	0.020749367744395158	0.0721981500222401	77.8838783321215	-0.9670470380043671
512.9129129129129	0.020650582497838032	0.06850752744350214	77.65805906428747	-0.9664468694888538
513.2132132132132	0.0205078768971834	0.06801248583888693	76.54863597838374	-0.9657692773702391
513.5135135135135	0.02051864636743195	0.06833672234161772	76.31180500991857	-0.9648976788634249
513.8138138138138	0.020434629278135778	0.06815565809207995	76.66201678547047	-0.9693582977100983
514.1141141141142	0.02043379852893315	0.07085967995452565	75.74931437208642	-0.9688568980313551
514.4144144144144	0.02052113926967389	0.06994498890858725	75.99624531060124	-0.9642582310541031
514.7147147147147	0.020619526571261194	0.07026705341215968	76.57223056663175	-0.9571664341090993
515.015015015015	0.02060262180935643	0.07082845137059206	75.60831216577147	-0.9571627223395001
515.3153153153153	0.0206021224965362	0.07260125295090289	75.55175750726399	-0.9555918160126418
515.6156156156156	0.02065656264680447	0.06919028147922822	76.00482878372554	-0.9533566053826097
515.9159159159159	0.020702034665848374	0.06955837243395674	74.84624105971069	-0.9515137406434
516.2162162162163	0.020787775529333	0.06868317142112443	74.36806797929047	-0.9528746080480364
516.5165165165165	0.020824652716638307	0.06809485735834644	74.87610219587859	-0.9512183155364073
516.8168168168169	0.020842208272193862	0.06818453082546527	75.61954724347471	-0.9509159320027276
517.1171171171171	0.020848165724700347	0.06873802145082943	75.97175587815312	-0.9546517440270882
517.4174174174174	0.020970104068215843	0.06910836112488912	75.8650119503539	-0.9573943456272644
517.7177177177177	0.02099509332812602	0.07189315903699812	75.3136263424148	-0.9593052933916566
518.018018018018	0.021140880787792565	0.07151788432212716	74.61503919183022	-0.9591019061908393
518.3183183183183	0.02121441925405194	0.06667001025349181	75.64952754110475	-0.9586736229434448
518.6186186186186	0.021325810788443478	0.06592509796055489	75.14485787366273	-0.9608304460344894
518.918918918919	0.021310641476274168	0.06794073234630375	73.7013704746962	-0.9630398151676537
519.2192192192192	0.021496546299550872	0.06734539025860665	74.99438548930641	-0.9602459178301163
519.5195195195195	0.02156477069954715	0.06799343100487908	74.92519233147179	-0.9595295313799846
519.8198198198198	0.021703426845575177	0.06448861937752656	75.20932384931695	-0.9593006054882174
520.1201201201201	0.021773098583795947	0.06471474070264396	75.40882147952836	-0.9613820764866648
520.4204204204204	0.021913569421894902	0.06185849066348455	76.57432192321494	-0.9567622621488544
520.7207207207207	0.022019943028240393	0.0599797408912896	75.19506646643673	-0.9588132327457604
521.021021021021	0.022113821273746753	0.06011689686950757	75.34924704303974	-0.9569184632968869
521.3213213213213	0.022262459869259163	0.06399997314563255	74.95504975375447	-0.9533324643112799
521.6216216216217	0.022324871509470805	0.06353415898558827	74.6056962455152	-0.9527057594162125
521.9219219219219	0.02245811816702467	0.061233008746115807	75.20085181809496	-0.9499623335139825
522.2222222222222	0.022470906526813026	0.06283827442834736	76.35600293267505	-0.9518231149028262
522.5225225225225	0.022627310917696503	0.06399329248232928	73.84064033899647	-0.9501426002114158
522.8228228228228	0.02261773320129067	0.06325748102890166	75.0091440136882	-0.9516372220629439
523.1231231231232	0.0227649236161092	0.060301491514080506	75.23463937178947	-0.9526240310170674
523.4234234234234	0.022843157478543066	0.06028879324520846	75.10007845110857	-0.9533461187951663
523.7237237237238	0.022945529842571668	0.060510222650705464	74.0784469301913	-0.951982941051366
524.024024024024	0.02302271708278703	0.06200758087397477	74.07487831380162	-0.9502596611012698
524.3243243243244	0.023128154339275255	0.06229137202666957	74.49353544650769	-0.9516196567418512
524.6246246246246	0.023129778458448404	0.06195546515686778	72.95018450261654	-0.9547716933428617
524.9249249249249	0.023238313969555797	0.06326522348047228	72.92018794056578	-0.9557399370127176
525.2252252252252	0.02326518698542881	0.06438517461641646	72.49683806175383	-0.9577099983686976
525.5255255255255	0.023346453652095478	0.06303140065065087	72.7237892357604	-0.9553788713030873
525.8258258258259	0.023379397567439397	0.060897902439362404	72.05599868569558	-0.956368579343612
526.1261261261261	0.023473415618229326	0.06290366919902253	70.44367864426223	-0.9572465044054077
526.4264264264265	0.02348078175579546	0.06302230497405058	70.4461050360453	-0.9564201439123745
526.7267267267267	0.02356898387219758	0.06521758151184598	72.13359752287799	-0.9504961815691827
527.027027027027	0.023631872699714524	0.06447504626783557	71.92099706785271	-0.9504428085369244
527.3273273273273	0.023688649419291247	0.0665808112700643	73.53539546643202	-0.9498665024140526
527.6276276276276	0.023701214498656323	0.06557795769853585	72.81313481544139	-0.9519963816668509
527.927927927928	0.02384511079495262	0.06350126824068883	73.40795833370574	-0.9466605625571022
528.2282282282282	0.023930067408709232	0.06323071903127447	74.7711737776107	-0.9499289620200244
528.5285285285286	0.023988400680670624	0.06231063661168239	73.68433557833528	-0.95060019564844
528.8288288288288	0.024050058042978956	0.062224918808418656	75.34606704994091	-0.948581940928752
529.1291291291292	0.024004869463739406	0.05984445288315249	75.2249995678251	-0.9503814044647578
529.4294294294294	0.024095560249579224	0.05446198207150231	75.46485547017582	-0.9506493974442043
529.7297297297297	0.024139945496136354	0.05476417262600513	75.72625667993402	-0.9519449692747166
530.03003003003	0.02414124496703583	0.05421392543165114	77.0274324807247	-0.9540212863844958
530.3303303303303	0.024149049199840063	0.05302666166734448	77.9583752661082	-0.9513707758633005
530.6306306306307	0.024197512814647437	0.04992047938357577	78.18492998211195	-0.9519102956908743
530.9309309309309	0.024222041853804593	0.0489978665445042	76.14701791287854	-0.9552947147132119
531.2312312312313	0.024331517982908845	0.04559002759130656	76.53513425248693	-0.9549777543716449
531.5315315315315	0.024344958194549054	0.045494545620014856	76.00076465037567	-0.956853954265506
531.8318318318318	0.024350559314122056	0.047346751270762086	76.43351988563239	-0.9566870498727125
532.1321321321321	0.02430522392575855	0.049210341523329634	76.22788137982175	-0.959086705192855
532.4324324324324	0.02438667054797705	0.04649974710695765	72.71361175446314	-0.9522311480353677
532.7327327327328	0.02438775308765959	0.047092257544411424	72.96204342343164	-0.9541083964330956
533.033033033033	0.024485310698245322	0.04559774396061223	70.7560192996594	-0.952563917631158
533.3333333333334	0.02457470880129439	0.045003097779886966	72.08558930023317	-0.9493497742738544
533.6336336336336	0.024607287918096354	0.047328306974811225	70.85988782782437	-0.948977857718555
533.933933933934	0.024631385211221768	0.04574625831480839	70.34990917674192	-0.948339704763576
534.2342342342342	0.024741438182646614	0.04494868349506196	67.82482036167963	-0.9477740070965833
534.5345345345345	0.024869083685292125	0.04686576054095908	67.96813865118854	-0.9464387081616087
534.8348348348349	0.02483596510540166	0.04568817511876304	69.20047842344424	-0.9508683547153313
535.1351351351351	0.024855540608698077	0.043972108970168	70.06310206737662	-0.9502898862020103
535.4354354354355	0.024881548016105485	0.04698065228942613	69.7491263188603	-0.9480685560924296
535.7357357357357	0.02491842731981291	0.040936117447951885	69.41789296884347	-0.9483353702902833
536.0360360360361	0.024940059127216595	0.040127722632748705	67.30838576038016	-0.949650526660312
536.3363363363363	0.0249390768971834	0.0380366018181951	69.17313752759249	-0.9528555474134153
536.6366366366366	0.024953597532104032	0.03820724400210354	69.27550547951118	-0.9543594993698702
536.936936936937	0.025058277955384456	0.03559810204072512	68.61432769628911	-0.9503207404480674
537.2372372372372	0.025021437743744244	0.03917879769798132	69.7385187363637	-0.9538765681697714
537.5375375375376	0.02506095508131782	0.04002329812412654	69.77995077511527	-0.9544220548430776
537.8378378378378	0.02515678147497233	0.03887506774007354	69.1228952418335	-0.950372967790966
538.1381381381382	0.025193007868626844	0.04120912869006697	70.73479505810653	-0.9502451918041898
538.4384384384384	0.02523270516175226	0.041145430976670457	72.13069528973222	-0.9506827090173092
538.7387387387388	0.025301442666517886	0.03781406032876172	71.69218214860265	-0.9525196730274773
539.039039039039	0.0253211611850364	0.03924131171034182	70.4538229301615	-0.9517265078180832
539.3393393393393	0.025441763520889702	0.03662882929013696	70.8921953065772	-0.9503961061370519
539.6396396396397	0.025396468282794463	0.0347874522152386	70.40397826202911	-0.9539343123443561
539.9399399399399	0.02544237310607117	0.03820723177789471	70.08408796332535	-0.9584225244257969
540.2402402402403	0.025529251509656778	0.038774502581281275	70.43841041413773	-0.9590189064329291
540.5405405405405	0.02557407590965306	0.03770232547349525	68.88641853164455	-0.9586853536492844
540.8408408408409	0.02565880924298639	0.0386108869685574	71.31926818448439	-0.959066884081853
541.1411411411411	0.02561654998372714	0.040189041527403734	70.98107190307347	-0.9614612660476797
541.4414414414415	0.02565885045145572	0.03540964459997745	71.19852568008459	-0.9632460851102708
541.7417417417417	0.025751349983727138	0.034516231855374196	70.02876585357303	-0.9607454375531175
542.042042042042	0.02579100818478533	0.036647149714290575	72.23749327076226	-0.9632762873352861
542.3423423423424	0.02583196797314512	0.03700409809096052	72.93966679962327	-0.9634350039572083
542.6426426426426	0.02575130771705675	0.035450791819904015	70.20822687300111	-0.966149729760986
542.942942942943	0.025778183907532937	0.03755705126213564	70.43582125889105	-0.9673114819486549
543.2432432432432	0.025871767037687943	0.03702751028104972	70.68840864645092	-0.9663505679061032
543.5435435435436	0.0258676886694377	0.03883777092077282	69.69709677475593	-0.966955411097911
543.8438438438438	0.02593916703768795	0.038669274587879006	70.09589325081217	-0.963864704172222
544.1441441441441	0.02595156168531072	0.039104742863821984	66.41519063859417	-0.9648325352801844
544.4444444444445	0.026036904603825513	0.03832747821823625	66.71377973114586	-0.9632431414981742
544.7447447447447	0.026101565856743007	0.039326762835272686	64.79444453980626	-0.9606326285112756
545.0450450450451	0.026080724648273674	0.03973529527142392	64.15569785739555	-0.9613254146268659
545.3453453453453	0.026199403077895866	0.04015610431265482	64.1554961682988	-0.9601470397816011
545.6456456456457	0.02620656074985354	0.040710049730079315	63.1433079439912	-0.9598847994362356
545.9459459459459	0.02622541683450963	0.03741959049826505	63.045839174677624	-0.9603846906240093
546.2462462462463	0.02626005393291861	0.037647045223587104	59.3916734441598	-0.9610737140039814
546.5465465465466	0.0263032200091128	0.03726810137252924	59.460662894468804	-0.961720985704491
546.8468468468468	0.026369103606996402	0.03800292025088773	59.817774033001875	-0.9607234358357782
547.1471471471472	0.02636108138477418	0.037964717510212236	59.561370935835974	-0.96049784450776
547.4474474474474	0.02637274599641067	0.037915741276729746	60.522237376571766	-0.9612562985146046
547.7477477477478	0.026406338589003264	0.037950925143170305	61.66998318208435	-0.9616828803485277
548.048048048048	0.026448161869426542	0.03686064782984462	61.87699398860986	-0.9614404737493392
548.3483483483484	0.026577324832389504	0.03554873620237915	63.787911371728434	-0.9582847238866344
548.6486486486486	0.026568007372072044	0.03396331595534229	63.31737441979111	-0.9588410160214361
548.9489489489489	0.026534657010814477	0.031784583379945545	62.34165082820789	-0.9631948525503412
549.2492492492493	0.026574097222454688	0.030670849383632064	62.58709192399612	-0.9619121364810647
549.5495495495495	0.026609642195999664	0.028470408194423848	60.78832237334658	-0.9611158850063334
549.8498498498499	0.02671847070605629	0.03040120341965488	62.48774415087491	-0.9559358295875189
550.1501501501501	0.02670553404004054	0.030477772005683596	62.53082986289129	-0.9588457185243874
550.4504504504505	0.026713659746515277	0.030626399005076323	64.0701600428277	-0.9600024833883392
550.7507507507507	0.02674443117508671	0.029665478445020925	63.99608163519842	-0.956953244048694
551.0510510510511	0.026870308485135896	0.0224321285605284	64.48889925827523	-0.952881777678776
551.3513513513514	0.02691456239201793	0.02271331407296425	64.0107651374951	-0.9532233460523957
551.6516516516516	0.027021186730642268	0.020639322448330083	62.957263332186606	-0.9521089242614328
551.951951951952	0.027024612188839604	0.02069201302795187	63.23169338690413	-0.9533355140921593
552.2522522522522	0.027042993202592496	0.01947795524401344	60.41307722855058	-0.9527355486824248
552.5525525525526	0.02706487997507927	0.02212307199681331	59.0283315018509	-0.9516286873874027
552.8528528528528	0.027223052558559058	0.024505270133606757	62.04653812234346	-0.9479502571617117
553.1531531531532	0.027233890653797155	0.024088466388486	61.31756259670072	-0.9487905614458683
553.4534534534534	0.027280303290837915	0.02391321797043298	58.51989282064359	-0.9502030230890315
553.7537537537537	0.02733661023051673	0.028226169266241254	56.17113483614562	-0.9516231254679567
554.0540540540541	0.027340039921518303	0.024686507731452343	57.57397377973755	-0.9537151686527581
554.3543543543543	0.027432622309630745	0.025066516220081627	54.609304095650124	-0.9531505481576519
554.6546546546547	0.02740445193926037	0.023552887398033854	53.16534966566056	-0.9540115993386298
554.9549549549549	0.027470116489524923	0.024089537305854315	50.412134411541466	-0.9549499819484857
555.2552552552553	0.02743821919639951	0.025476191062630632	47.886319638384236	-0.9582163099712603
555.5555555555555	0.027462313314921754	0.023074523870097504	48.4216282560518	-0.9578963882683775
555.8558558558559	0.027419443412279965	0.02567410805063224	49.27930644897775	-0.9587537860279506
556.1561561561562	0.02754860743344399	0.0261682071731393	47.74635339002424	-0.9607249632775186
556.4564564564564	0.02757288150751806	0.02588466442521455	47.459553731306706	-0.9609638656781518
556.7567567567568	0.027615929249309567	0.02227338903417191	42.973605337687054	-0.9604547613954091
557.057057057057	0.027573456233436544	0.021504732900081796	43.464455633704915	-0.9628066810326932
557.3573573573574	0.02759256305037149	0.021906952837517268	44.88116176171702	-0.9648025266367387
557.6576576576576	0.027672749293757726	0.02064781429428579	46.43950739463748	-0.9632286184591059
557.957957957958	0.02766307509693977	0.01729270078826402	45.31714779463058	-0.9660331495904888
558.2582582582583	0.027694321596414394	0.018896654500011472	45.64568257991017	-0.963159106338208
558.5585585585585	0.02777017133186413	0.0192911090989374	48.80578041110867	-0.9601772110025779
558.8588588588589	0.027814815776308566	0.019765225121642117	49.15268658885379	-0.9581452949094159
559.1591591591591	0.027843597848262517	0.0216108967207966	49.95078517305544	-0.9599101549596446
559.4594594594595	0.02792143376572655	0.02337248464535518	53.01438758014082	-0.9580957238038011
559.7597597597597	0.027990524832389507	0.023976735687154076	52.0982342956933	-0.9560559525396636
560.0600600600601	0.028003096260960935	0.0206256651565524	50.029239771777135	-0.9562304251316083
560.3603603603603	0.02802650155196622	0.01978187184442077	48.40643118330275	-0.9557566141551612
560.6606606606607	0.028060958694823373	0.020855333710495163	46.59716070560968	-0.957641311182216
560.960960960961	0.028102784091648767	0.020883024381368676	46.306847964689915	-0.9579973822949962
561.2612612612612	0.028207201084237642	0.023470676664486528	44.04786061636956	-0.9589226408162141
561.5615615615616	0.0282884360662445	0.021436302290639617	43.13013701897262	-0.9563527545452858
561.8618618618618	0.028261956762537083	0.02102925434486709	42.18015869022673	-0.955477487392727
562.1621621621622	0.02831280450432858	0.02220606131019038	40.81304725753886	-0.9534630396113845
562.4624624624624	0.028329057414381492	0.02289615520200021	40.56520787178012	-0.9540404474295521
562.7627627627628	0.02838302355194763	0.02146812968344405	40.71008681428693	-0.9532343483618675
563.063063063063	0.02840815794348202	0.021135071125388916	37.34577584205783	-0.9533979416465798
563.3633633633634	0.02839230086199682	0.023205519109168207	35.20378959932743	-0.9531518660259315
563.6636636636637	0.028453810976278814	0.02308715194408029	31.972090228066968	-0.9527364926192662
563.9639639639639	0.02842061527045499	0.02121314022383831	29.672206903643566	-0.9539179991056472
564.2642642642643	0.02847085236886397	0.021633559053972476	31.407595253365574	-0.9541528867489018
564.5645645645645	0.028456222519783154	0.021803882015340087	37.03868187264625	-0.9601612613314282
564.8648648648649	0.028472261673222306	0.02179588382850138	40.302591875033	-0.9598944402660402
565.1651651651651	0.028435568270706053	0.018624557145892	38.65981512928452	-0.9595443390737713
565.4654654654655	0.028475871974409758	0.016754684447360804	37.948529746583226	-0.9580720756635036
565.7657657657658	0.028457705775471683	0.018991928692921222	38.61278896466189	-0.9603513061570793
566.066066066066	0.02851911623473838	0.019325495678160966	37.48581671554503	-0.960768145066012
566.3663663663664	0.02857242946225161	0.019134032619378568	37.564386912962824	-0.9622065591242064
566.6666666666666	0.02866349500934527	0.017800172389744642	33.53224993662458	-0.9638901874794732
566.966966966967	0.02872066649928864	0.018437710787607916	31.65582837778011	-0.9615639253063297
567.2672672672672	0.028754006243200275	0.015132244614212068	32.2166917003836	-0.962574427649696
567.5675675675676	0.02881776279558494	0.01667056871110672	31.6148119747577	-0.9601514638800983
567.8678678678679	0.02880302417124631	0.0192151622647815	34.038874453402975	-0.9617940011918669
568.1681681681682	0.028840336279186543	0.020841590143232454	33.71565188513304	-0.9607750065239187
568.4684684684685	0.02887223039770878	0.023546447768815617	30.063401240184728	-0.9597812942064535
568.7687687687687	0.02893630992086739	0.02357107646458144	26.00191736314478	-0.9557795728455891
569.0690690690691	0.02904802760063603	0.02262678875965125	24.06187366931004	-0.949182494879032
569.3693693693693	0.029070489099041297	0.025554488055795365	23.101179105738684	-0.9501488576127981
569.6696696696697	0.029075513376293688	0.026026960825776473	24.62357251101431	-0.9488219623659718
569.96996996997	0.029019709982239333	0.029077266763510523	23.81001643990625	-0.9494706364807238
570.2702702702703	0.029055029558958907	0.028333064668524557	22.834371871654326	-0.9474661758493985
570.5705705705706	0.028986543844673193	0.02882801243937829	20.57422364436428	-0.9504897668590683
570.8708708708708	0.02901518716954464	0.029606450640570364	21.547760664688095	-0.9493050633681869
571.1711711711712	0.028969890873248343	0.03133201625842637	20.959945323957612	-0.9525174847023429
571.4714714714714	0.029008722557908147	0.03165902127851183	21.17891367322397	-0.951645806494285
571.7717717717718	0.028997016737802323	0.02945844621989908	21.341906380330798	-0.9532183859250563
572.072072072072	0.029067194576952046	0.028756716907833425	17.973579244790688	-0.9516328026575125
572.3723723723724	0.02907022843938591	0.02917786712153346	20.291640106360735	-0.9542172998782651
572.6726726726727	0.029062567186468418	0.02763853913852132	21.694905058790344	-0.952500238958632
572.972972972973	0.02904808776001711	0.029504583133128415	21.699297039820877	-0.954340359212219
573.2732732732733	0.02904335965631712	0.031510864750030426	19.601068652012458	-0.956644669711696
573.5735735735735	0.029080851719809186	0.030548448690766825	21.63860645332695	-0.9570209634055254
573.8738738738739	0.02907669410922346	0.030224203680806694	19.556027006846588	-0.9591701083999525
574.1741741741741	0.029115014805516037	0.02730752905310175	21.58707800027654	-0.9593591603746869
574.4744744744745	0.029130186234087464	0.029103652111447383	20.710757371205627	-0.9605111015900805
574.7747747747748	0.029173962953664184	0.029791275123108245	22.453032722137564	-0.958312127554524
575.0750750750751	0.029118229681702787	0.032458133598953484	20.085059679121375	-0.9644779163582541
575.3753753753754	0.029080518570591674	0.03284799454451364	20.884647263480748	-0.9655944695754051
575.6756756756756	0.02906552603937103	0.032236050536390407	20.035581269679092	-0.9682399602554397
575.975975975976	0.029048917451018678	0.035549788138099406	19.82917957493307	-0.9668911184886726
576.2762762762762	0.02902139575789699	0.03557328135929745	19.648926243586555	-0.9680097569294257
576.5765765765766	0.029072624206581677	0.034704999728460376	15.833426257413707	-0.9633743225642256
576.8768768768768	0.029081943783301253	0.035895870706617906	15.3076205934964	-0.9643398323718767
577.1771771771772	0.029169238024567366	0.03617945612548853	15.206621619082929	-0.9637273025464401
577.4774774774775	0.029112201048902275	0.03584255561815881	15.460561418948213	-0.9644542053821697
577.7777777777778	0.02924357029969965	0.03623530580690084	13.971073635212008	-0.9604551298849398
578.0780780780781	0.029277378765308115	0.0360940889168791	14.454063787866568	-0.9603008825150561
578.3783783783783	0.029372625545605862	0.03739694509704789	13.741987980000092	-0.9571091771951763
578.6786786786787	0.029406872106452427	0.03760973409412853	11.062882422264623	-0.9577631680741211
578.978978978979	0.029448915492695807	0.03660055751912169	11.012652038539136	-0.9541880455930569
579.2792792792793	0.029428803262011693	0.03543751328135007	11.712990354874304	-0.9506205567368478
579.5795795795796	0.029508987388995822	0.03597177038769976	10.567922024243895	-0.9472883705102022
579.8798798798799	0.029560420035149384	0.037555936877576045	10.514008479199356	-0.9450794880819674
580.1801801801802	0.02957667506160441	0.03710689993105736	10.314181131384949	-0.9435269860667549
580.4804804804805	0.029657071887001233	0.03853731059223946	12.514164322179411	-0.9420433793348935
580.7807807807808	0.029667432794934025	0.039004569860512754	11.925770878878481	-0.9421089170980095
581.081081081081	0.02962109410922346	0.039421041141083406	11.759489033657088	-0.942463412223012
581.3813813813814	0.029631064479593832	0.0389590330134547	10.714642429331983	-0.9424534523385467
581.6816816816817	0.02957818723091658	0.03908798112538398	11.25344559027684	-0.9455890554758548
581.981981981982	0.029658802045731392	0.04169809950378079	11.311464356383091	-0.9436326274345116
582.2822822822823	0.02973374919705042	0.0430329270804448	11.22744323917814	-0.9412978734296851
582.5825825825826	0.029643158720859947	0.041944483541270824	11.328746440403926	-0.9441088623539661
582.8828828828829	0.029608484646785876	0.04352283486092663	11.598304300538787	-0.9440945884207834
583.1831831831831	0.029636871948373177	0.04601136586110249	11.103292181335116	-0.9449235543184875
583.4834834834835	0.029711381004454116	0.04417194969934128	10.91614309017386	-0.944588939443604
583.7837837837837	0.029694298403399627	0.04604903461445868	9.615050002934572	-0.9477596460806089
584.0840840840841	0.029725004381584697	0.04744304765066716	9.339863454626784	-0.9493284923612373
584.3843843843844	0.02969917481332701	0.04872254978262081	8.392396041375898	-0.9520804297270279
584.6846846846847	0.029657570580522777	0.04972981301013444	6.855979280517358	-0.9528460289820412
584.984984984985	0.02966017269692489	0.04980693149589536	9.047390634753413	-0.9543406294343648
585.2852852852853	0.029666935598515912	0.05024394195093521	9.649572030632024	-0.9565775224573845
585.5855855855856	0.02963229850010694	0.051549001981464636	10.210011729641472	-0.9577615497691175
585.8858858858858	0.029555357759366196	0.052192933884920474	10.337905178824233	-0.9599248970261672
586.1861861861862	0.02956970055513711	0.05212377957974983	10.308279653442195	-0.959173492717462
586.4864864864865	0.02951794599641067	0.05400423699150003	10.275773362365959	-0.964180950039998
586.7867867867868	0.02956471642815298	0.05515487184788715	9.86544946546575	-0.9624796540361451
587.0870870870871	0.029607012663077335	0.054028249771558	9.042095199092964	-0.9628833101577301
587.3873873873874	0.02970341695725351	0.05675673392736699	10.186610966699293	-0.9598675471237644
587.6876876876877	0.029710569338205896	0.0564897426280936	10.41216799920993	-0.958761043179119
587.9879879879879	0.029733542883179434	0.0543337741122361	11.485047419967408	-0.9572987180075391
588.2882882882883	0.02971057145460801	0.05383872557594049	12.499215261210672	-0.9596143935251529
588.5885885885886	0.02973072277735933	0.05657906223820096	13.216114054648266	-0.9593576645679348
588.8888888888889	0.02975438620805088	0.057980150006166895	13.319217234951198	-0.9577425329761269
589.1891891891892	0.029727687856724416	0.060031748600145464	12.323577951415864	-0.9548848044064665
589.4894894894895	0.029818449822858254	0.059516582730784605	12.200851062603194	-0.9541150482084976
589.7897897897898	0.029875589628141824	0.062238658883145434	11.545951923231572	-0.9522248652956908
590.0900900900901	0.029833331427083623	0.06177515884233616	10.487527530572253	-0.9544452839095277
590.3903903903904	0.02994216311174343	0.061477054186815774	10.706878401477052	-0.9495213705044743
590.6906906906906	0.029953861524441835	0.05936780592908702	10.865449982150889	-0.9461554546111215
590.990990990991	0.029959967283175723	0.06003662400434388	10.869736934679748	-0.9457457275405612
591.2912912912913	0.029831237124445558	0.060436763221799875	8.607613707429415	-0.9475818756300534
591.5915915915916	0.029767127010163565	0.061558962416083655	8.199479096003726	-0.9502560856928847
591.8918918918919	0.02976170478794134	0.0637013171775451	7.144619369644355	-0.9504073440312742
592.1921921921922	0.029750934259491726	0.06446345798897768	7.88524391106537	-0.9526638205909972
592.4924924924925	0.02979449298965046	0.0628419885522417	7.761538977398622	-0.9499617658814037
592.7927927927927	0.029901763889121358	0.06130179780671133	7.3214829295847235	-0.9489890011916335
593.0930930930931	0.029952299277484867	0.06077800376513448	7.648654284155412	-0.9484948163534268
593.3933933933934	0.029937779700765287	0.062920789008056	6.9775771125023205	-0.9499103552772911
593.6936936936937	0.02997487593568964	0.06317730326898707	6.424368300063002	-0.9494071824810719
593.993993993994	0.030061306684892267	0.06172735211819118	5.849537819503567	-0.9452069551053938
594.2942942942943	0.03007427182562929	0.06138821580538365	7.184808446368529	-0.9465937605384617
594.5945945945946	0.030006144964246195	0.06372356518029232	6.491535214648642	-0.9493277894634461
594.894894894895	0.030009830678531902	0.06602594788321052	6.231730749006501	-0.9513342039867622
595.1951951951952	0.030010077142671163	0.06679831823632018	7.622245045970411	-0.9531572264825253
595.4954954954954	0.030132306772300794	0.06797328312874051	8.30669771297612	-0.9496792553580796
595.7957957957958	0.0301860929543151	0.06743457170549538	7.655194344124735	-0.9474270797190677
596.0960960960961	0.0302152054044504	0.06799035071833609	7.6494091391623416	-0.944695824445211
596.3963963963964	0.030244720686993798	0.0702339624088043	7.537184678669966	-0.9438599830488058
596.6966966966967	0.030156221338838208	0.07198187853914437	6.92044423760714	-0.9464574899569106
596.996996996997	0.030134371542016536	0.07028682781346099	7.532267221358966	-0.947963671703577
597.2972972972973	0.030136064725081596	0.06925818577607375	7.221724658205884	-0.9472201024670883
597.5975975975975	0.030108325042541916	0.06916829823673541	6.666888317075625	-0.9477472792632748
597.8978978978979	0.030148889002333992	0.0705946807421645	7.268744861931847	-0.9476580943194011
598.1981981981982	0.030069355669000656	0.07290573866672585	7.570548910875923	-0.9485647472884137
598.4984984984985	0.030090414866887977	0.0711479202915684	7.495171459742042	-0.9490029563359842
598.7987987987988	0.030158682591755703	0.06957808257638538	8.398720940083491	-0.9459709856689111
599.0990990990991	0.03017605819175942	0.07148156361468376	7.822611270616956	-0.9450815392112354
599.3993993993994	0.030255701797453998	0.06943804951292466	6.799071266337944	-0.9445168115132306
599.6996996996997	0.03021087951385983	0.0689994157762255	6.743150974889855	-0.9442610065912045
600.0	0.030303028658837095	0.07009378273720357	7.956423719145084	-0.9447365160853773
600.3003003003003	0.0303440222482588	0.06740875490873889	8.337311570856535	-0.94609560133712
600.6006006006006	0.030401668809105362	0.06599946156740992	8.484685399186306	-0.9431467412162108
600.9009009009009	0.030473615899052453	0.07065106910026336	7.595414148848043	-0.9426907809288686
601.2012012012012	0.0305031301233948	0.06968373234746972	7.704865007941393	-0.9431854293094213
601.5015015015015	0.030547813659906452	0.07129435334414126	7.294168904203464	-0.9421038429467806
601.8018018018018	0.030604772451437126	0.07004627728200928	7.161569854750014	-0.9402017383833371
602.1021021021021	0.030682967221803775	0.06934743373040858	5.975654474751987	-0.9399033006799977
602.4024024024025	0.03067932271598739	0.06877328412015832	5.351692492348538	-0.9409473860579262
602.7027027027027	0.030615570396406947	0.0723081561691856	5.3032077745012405	-0.9446268176172966
603.003003003003	0.030576560872597427	0.07186242221337082	6.000454528178899	-0.9464486897834374
603.3033033033033	0.030687519602756157	0.07308491566614389	5.690447251818408	-0.943068971943099
603.6036036036036	0.030694458227094778	0.07563976927312956	6.084183326262899	-0.9431736147489785
603.9039039039039	0.03069033970857626	0.07526380006823878	6.091103911286454	-0.9432578779185835
604.2042042042042	0.030727361992170427	0.07713726207527756	5.853443899328614	-0.9420579452000727
604.5045045045046	0.030731657291637612	0.07861343260267617	5.16021206228559	-0.9413550225968225
604.8048048048048	0.03084889961967993	0.08034846563869903	4.53293283279353	-0.9413391236865392
605.105105105105	0.030832000148780462	0.07885748002739693	4.288516074954023	-0.9413489116963818
605.4054054054054	0.030862340889521205	0.0780576911414649	3.680423409542878	-0.9410553618322544
605.7057057057057	0.03096206675407519	0.08143441134518886	3.9775669584514657	-0.937415477127599
606.006006006006	0.030976369399577833	0.08348328597310439	4.001124878406204	-0.9361641013994244
606.3063063063063	0.03102842013185669	0.08647735994592948	4.521746701690928	-0.9337346514002094
606.6066066066066	0.0310080476450842	0.08660149349024031	3.91519787195065	-0.9346836202541869
606.9069069069069	0.03115744646413926	0.08732713842168391	4.022667769706008	-0.9296592871099085
607.2072072072073	0.03117037145460801	0.08587753877164918	4.53265017645888	-0.934509030071079
607.5075075075075	0.031222341886350324	0.08522696495587834	4.872072206068959	-0.9356397269175377
607.8078078078078	0.031177739708576263	0.08702413296945866	3.8885316213214005	-0.9368114465410229
608.1081081081081	0.031129587388995822	0.08753512098332175	3.830317494706673	-0.9360466495053442
608.4084084084084	0.031198325951962504	0.08969447852127077	4.840001689622339	-0.93644330408161
608.7087087087087	0.031156324832389504	0.09137924180096876	4.29929243107093	-0.936474531674549
609.009009009009	0.031196850758315436	0.09079419355445037	5.281943862223092	-0.9383007516498606
609.3093093093094	0.03116824864191332	0.09443347949004988	5.370494744701397	-0.9392452188112045
609.6096096096096	0.031072243350908028	0.09501635566585763	5.720281478384218	-0.9425448861366362
609.9099099099099	0.031104352284245074	0.09302882353035777	6.200102552339852	-0.9451670685619096
610.2102102102102	0.031178033765726556	0.09130686031803928	6.250155549123671	-0.9442679808817735
610.5105105105105	0.03119628132340224	0.09036276975848846	6.258630366149028	-0.9451953773243029
610.8108108108108	0.0311481733868943	0.09001646783623526	6.3882832267304	-0.9464672795464284
611.1111111111111	0.03113931829906733	0.0925584577614396	6.013454152970019	-0.9478222786794603
611.4114114114114	0.031184613537162568	0.09288128813288182	5.445454445004366	-0.9459868671993305
611.7117117117117	0.03114235321970225	0.09337086039401989	4.877121479147002	-0.9466859587535618
612.0120120120121	0.031224123431993378	0.09635026425978686	4.637140871984748	-0.9495477909102317
612.3123123123123	0.03129633077802884	0.09311221660901813	4.2967732622591	-0.9491227943204936
612.6126126126126	0.03123679940301838	0.09354085500700549	3.6479395271456	-0.9496518326948238
612.9129129129129	0.03126739722524433	0.09376766212642312	3.398637142419669	-0.9467471343387643
613.2132132132132	0.031380481942700926	0.09509260593748563	2.235124147138716	-0.9452207857979128
613.5135135135135	0.031446801519420496	0.09438173272395245	2.014384583772457	-0.943950987760092
613.8138138138138	0.03138637923582634	0.09599166369414647	1.9037935527682017	-0.9446287903622868
614.1141141141142	0.031379194112013085	0.09827604625803844	1.369919615792301	-0.9461503719811332
614.4144144144144	0.03139866189825275	0.09943299407697269	1.46063075743255	-0.9471994382462231
614.7147147147147	0.031550746615709356	0.09897178418479283	1.3230242058340658	-0.943952546444397
615.015015015015	0.03161923127179401	0.09712262526617554	1.1207092349670245	-0.9426275969479662
615.3153153153153	0.03156613603369878	0.09794123589008528	1.8975069261079143	-0.9449133945673778
615.6156156156156	0.03166240052259139	0.09596875805223568	2.207227076552188	-0.9411576098331624
615.9159159159159	0.03182157746161928	0.09486914935952946	2.7604312551411643	-0.9384619703759001
616.2162162162163	0.03179274783198966	0.09705781711147117	2.718657335002398	-0.9409695289586117
616.5165165165165	0.03187618592722775	0.0969630753147565	2.2121582218528215	-0.9398321418697356
616.8168168168169	0.03194737344826624	0.09808322894525856	2.2475488015798706	-0.9383787528163998
617.1171171171171	0.031966228474721275	0.09798764735876783	2.4751065045063982	-0.9375405324573112
617.4174174174174	0.031929163924456716	0.0984614876283578	2.4482043736485606	-0.9406243527583241
617.7177177177177	0.0319900211286858	0.09914700549637892	2.291086288251466	-0.9415989833707312
618.018018018018	0.0321273397699482	0.10146250523654936	2.6821645626927664	-0.9410956080835348
618.3183183183183	0.03221034188635032	0.10057028759858157	2.548880368427536	-0.9404467410560218
618.6186186186186	0.03219149215090058	0.10300347156164344	2.963966494430413	-0.9418657356466339
618.918918918919	0.032153418976948324	0.10687354753054952	2.7670656481314397	-0.9426072253384313
619.2192192192192	0.032121885424163804	0.10615048558411579	2.6680116224041273	-0.9444334232782702
619.5195195195195	0.03207211066290996	0.10658794804665947	2.3165927416538783	-0.9505719738480564
619.8198198198198	0.032069947699947	0.10782739262902516	2.149619337440969	-0.9513050595533089
620.1201201201201	0.03224531165973907	0.10866029143007343	1.860385652667815	-0.9487323458384525
620.4204204204204	0.032256148696776114	0.10780325840969036	2.1215636975305117	-0.9517998888606721
620.7207207207207	0.032242458811058104	0.10622359924151582	2.3722750022335792	-0.9531718804066799
621.021021021021	0.03232098884704438	0.10730219628193507	2.962939408925682	-0.955663594998055
621.3213213213213	0.03239593176555918	0.10872045554833135	3.374892231701858	-0.9539545455076994
621.6216216216217	0.03244945980788722	0.10744685758621934	3.409451262390833	-0.9512588814313676
621.9219219219219	0.03243818996661738	0.10698541257875933	2.831504974959681	-0.9528120153797299
622.2222222222222	0.03252929037297402	0.1071799389076073	2.5823057182140734	-0.9495640032397438
622.5225225225225	0.0325351390502227	0.1094193381826831	1.7995732301338754	-0.9497930680614103
622.8228228228228	0.032551608891492535	0.10860190552126837	1.875557768859873	-0.9505308926178002
623.1231231231232	0.03277053836955207	0.11188325581360363	0.8725172668394537	-0.9464816038082059
623.4234234234234	0.03279935953357324	0.11211223147511369	0.5710336101906822	-0.9464428118208588
623.7237237237238	0.032895469805934476	0.11020538724892963	0.2554883694245545	-0.9438849729133687
624.024024024024	0.032894640114932906	0.1116876959887936	0.15070742602914508	-0.9455294427659238
624.3243243243244	0.032884193615458295	0.11314233739885558	0.494257061542244	-0.9443469770381787
624.6246246246246	0.03296412383556039	0.11471836686391586	-0.8683208189661438	-0.9436152737753883
624.9249249249249	0.03296841913502757	0.11660057915470566	-0.8929824843477988	-0.9443008043123161
625.2252252252252	0.03302372066095722	0.11529492194700579	-0.6422065270508255	-0.943940149484042
625.5255255255255	0.033070315369951926	0.1180349296930572	-0.550046031775649	-0.9425904976973833
625.8258258258259	0.03312622753926409	0.11980640428657788	-0.822664263518542	-0.9438061250737392
626.1261261261261	0.033119727010163566	0.11919392336280263	-0.7562558523763093	-0.9430686947510216
626.4264264264265	0.03315718421439265	0.1177130015068104	-0.3544895169154748	-0.9434737604757637
626.7267267267267	0.03307894929375773	0.11886764178101622	-0.10553819202408257	-0.9435824919147261
627.027027027027	0.03311036939957784	0.11763591001061752	0.1277711438218259	-0.9437669686789653
627.3273273273273	0.03310360861438893	0.11769819575992409	-0.03960919177157289	-0.9436652093618823
627.6276276276276	0.03312679909057941	0.11800835645664882	-0.044223352179898194	-0.9424158996184953
627.927927927928	0.032996991683171994	0.11904459663795003	1.0467746667748918	-0.9405275848954279
628.2282282282282	0.032972972574181005	0.11961001369048577	0.7921626743960772	-0.9409564161416262
628.5285285285286	0.032946789444025994	0.12092895502105107	1.3033863475616174	-0.9401846775844392
628.8288288288288	0.03293924546731014	0.119194391619089	1.479422947379705	-0.9368076291476662
629.1291291291292	0.03290647939111594	0.12080164520448626	1.0859619959568836	-0.9379576979853369
629.4294294294294	0.03285533759217415	0.11926113412234712	0.5310566200643959	-0.9395364500271428
629.7297297297297	0.032857293147729706	0.11937619125102109	0.573276726565303	-0.9382537743044972
630.03003003003	0.03286404970011437	0.12133233347202481	0.29760429656683063	-0.9362408738922676
630.3303303303303	0.032833061340326014	0.12215802830984356	0.5745588700537078	-0.93672866707993
630.6306306306307	0.03286387186096465	0.12440296169470103	0.3631837798944384	-0.9353954864045788
630.9309309309309	0.03283002641969109	0.1278821648493142	1.2057680042071373	-0.9349933714538049
631.2312312312313	0.03284328879218158	0.129304451398044	1.8200825930093687	-0.9342991586874578
631.5315315315315	0.03280601577630857	0.13078611841239648	2.0277326899127393	-0.9358757768425849
631.8318318318318	0.03273640631387099	0.13192052222627296	1.7681889905177632	-0.9372700722944177
632.1321321321321	0.03269198197524664	0.1318344595661688	1.7457695288426933	-0.9369527132751178
632.4324324324324	0.03259069955830799	0.13428963017754347	1.9025014970798477	-0.9393458882947768
632.7327327327328	0.03256313665671697	0.13607308485140673	2.0518769912929664	-0.9418580966503686
633.033033033033	0.03254345828846673	0.1364645581562999	1.8958529727266422	-0.9415885945168934
633.3333333333334	0.032462190563598996	0.13650714964487054	2.4058290355492056	-0.9437655877499457
633.6336336336336	0.032397174690583126	0.13968589598264397	2.417616456721037	-0.942629227560629
633.933933933934	0.032252370519150836	0.14023497508801597	2.4727285540757995	-0.9462767943632291
634.2342342342342	0.0322697450609535	0.139583752269917	2.3003580042420935	-0.944477777233605
634.5345345345345	0.0323120032620117	0.13849141864097783	2.1902486207078717	-0.9444095674330698
634.8348348348349	0.032325695264131815	0.13781224285568885	1.973760950483733	-0.943426299299351
635.1351351351351	0.0322964349466715	0.13667860968797227	1.0707743594080967	-0.9432341861202382
635.4354354354355	0.03226743276889744	0.13702325361937825	1.1786366356360618	-0.9403948292280317
635.7357357357357	0.03232251313080592	0.13551971770215795	0.9386443843023142	-0.9392549145676448
636.0360360360361	0.03240464858054137	0.1387311489288378	0.6534746253405166	-0.9382585819802479
636.3363363363363	0.03240724752234031	0.13742775116864955	0.5759588314755933	-0.9359364362191519
636.6366366366366	0.03238453000065091	0.1384548284114738	0.6427085004819687	-0.9361712709823063
636.936936936937	0.032309504665197455	0.1376564421729285	0.5097207453721758	-0.938405467103372
637.2372372372372	0.03239293958583237	0.13949690102765794	0.32442697362608297	-0.9351854657446105
637.5375375375376	0.032376463395356186	0.13875818962149422	0.5170386875063083	-0.9357216785670103
637.8378378378378	0.032405938527631316	0.1392037330877762	0.3827851196673749	-0.9353720597282282
638.1381381381382	0.03233467814879907	0.13933661963455124	1.1897175880374906	-0.9342767017232808
638.4384384384384	0.03227139772551863	0.13926617905980668	1.0806633773743284	-0.9337112837337239
638.7387387387388	0.03216946239852707	0.14003437253306822	1.7612032939629003	-0.9370942733940948
639.039039039039	0.032191568218632886	0.14182342912861107	1.70507502428025	-0.9343503526926924
639.3393393393393	0.032132579920216474	0.14193319598191836	1.3674342468894007	-0.9360453595646754
639.6396396396397	0.03209046469904502	0.14459242186355684	0.8378926427556185	-0.9347007336257396
639.9399399399399	0.032015045651425975	0.1439574026315771	0.48381966369351803	-0.9363136345362663
640.2402402402403	0.031970834011214325	0.14291756125730987	-0.14382583865566373	-0.9358799781630829
640.5405405405405	0.03199467210645241	0.14287036753186	0.04367316674287249	-0.9332928884176728
640.8408408408409	0.03201136099534131	0.14562621286106842	0.29055652815818267	-0.9288256925942336
641.1411411411411	0.031977769460949775	0.1458910331312227	0.4460664575775291	-0.9283172256955762
641.4414414414415	0.03198730385248417	0.1467065530398378	0.5069909767217101	-0.9256014610935461
641.7417417417417	0.031839677458829645	0.14528344800732632	0.8486193907327186	-0.9278103063319832
642.042042042042	0.03186004888740109	0.1458408751717675	0.9571406987175035	-0.9287068106274143
642.3423423423424	0.031854373816497895	0.14847657750003032	0.9324424457033169	-0.9271783469558127
642.6426426426426	0.031817750536074614	0.14818903787196047	0.30707916945762326	-0.9255279991726097
642.942942942943	0.031814716673640754	0.1474430888741699	0.5270707277794014	-0.9275984691807945
643.2432432432432	0.03182555371067779	0.14568226536556278	1.1240426445799698	-0.9280795129965621
643.5435435435436	0.031776793922318	0.1473704668182537	1.176538116525175	-0.9267619579786386
643.8438438438438	0.03181974095089315	0.1470820318346801	1.7670193665576084	-0.9259812180545999
644.1441441441441	0.03180395782073814	0.14628847816170829	1.9339538354646486	-0.9275855594445229
644.4444444444445	0.03174305834983867	0.14528922540442224	2.141304510608699	-0.9294470520938113
644.7447447447447	0.03168385312020532	0.14404496658421304	1.9306737162249348	-0.9324354913044457
645.0450450450451	0.03160059498051906	0.14547183812702358	1.9776688102335862	-0.9327935663366709
645.3453453453453	0.03150047117099524	0.1452974784571187	2.10464149014469	-0.9338183306797633
645.6456456456457	0.031538180165704234	0.14733468235635216	1.6070792795783158	-0.9315679763385615
645.9459459459459	0.03149808598581006	0.14828188032386017	1.5149647725822215	-0.9308135231410557
646.2462462462463	0.03144625218474814	0.14638448125591838	1.3143342054727438	-0.9311071958024999
646.5465465465466	0.03140945423977832	0.1471368148069961	1.3172189545955482	-0.929983258794762
646.8468468468468	0.03134686264401484	0.14908914348583466	1.0114098327353829	-0.9313009145603672
647.1471471471472	0.031301967467291546	0.15120287269694618	0.943554489066395	-0.9306426507021719
647.4474474474474	0.0311910066207307	0.1497501344026115	0.8882885754056331	-0.9364962348555119
647.7477477477478	0.031089979168875126	0.14784918536239042	0.25418690226925367	-0.9374899430788117
648.048048048048	0.031073256478924314	0.14847352455999305	0.26939960878774427	-0.9377433500254664
648.3483483483484	0.030975482995322712	0.14719797777648647	-0.22579256484555166	-0.9370301619946327
648.6486486486486	0.03102818240485024	0.14703193020108904	-0.2297504128466731	-0.9342862156914158
648.9489489489489	0.03102154101226509	0.14819054421706043	0.051557019731072136	-0.9329773006298406
649.2492492492493	0.030993548481044447	0.1493945689183002	-0.08557664244876334	-0.9313236707531726
649.5495495495495	0.03093182249374657	0.1499795608556232	0.6212617203963277	-0.9325517033327986
649.8498498498499	0.030954144186868263	0.15080748499717145	0.2383315579217174	-0.9333914419704005
650.1501501501501	0.030893032017556096	0.1523005107089123	-0.05647904696140338	-0.9353430914379165
650.4504504504505	0.030932075342427538	0.1543245248633908	0.31889883557319704	-0.9335738841414194
650.7507507507507	0.03092336640909048	0.15457446038872258	0.5327918162589006	-0.9331009368354929
651.0510510510511	0.03087165305883337	0.15687635782822007	0.2527657853220232	-0.9343271029724237
651.3513513513514	0.03091716311174342	0.15973146630920473	-0.091543737336903	-0.9317111827744801
651.6516516516516	0.030923229778410093	0.15999793199991236	0.20977412637580428	-0.9300146618948386
651.951951951952	0.03089115676253708	0.16648655683508073	0.5784865499028135	-0.9288546173770542
652.2522522522522	0.030892060404868842	0.1684554722836635	0.7006098439809868	-0.9295850258365462
652.5525525525526	0.030763294328674643	0.16812384025421506	0.9463032962263	-0.932482747379561
652.8528528528528	0.030707088102212177	0.167615662891311	0.9979752869528317	-0.9349730023680562
653.1531531531532	0.030713589689513765	0.16822040940381522	0.9148149205188179	-0.9376328223629753
653.4534534534534	0.030680683808036	0.16746989403475937	0.15849076269382448	-0.9395495337323391
653.7537537537537	0.03059937487469895	0.16570362641720343	-0.100209779237065	-0.9414298540912862
654.0540540540541	0.030595077458829653	0.1664504736143072	-0.1436350861326088	-0.9401809137245307
654.3543543543543	0.030485165350889427	0.165464307382197	-0.3887312732309102	-0.9415448077836684
654.6546546546547	0.03046652725565133	0.16714722522794326	-0.4179701191401838	-0.942953046963472
654.9549549549549	0.030495960121256077	0.16351501150637687	-0.06078635512916243	-0.9399322512939856
655.2552552552553	0.03046778763448359	0.16266710333806866	0.20191085893877833	-0.9396703324228345
655.5555555555555	0.030411046832370905	0.16333336647509675	0.18271309206564132	-0.939520852409687
655.8558558558559	0.030383308208032284	0.16210029152388783	0.3506719981959942	-0.9416410871682243
656.1561561561562	0.030344520906444978	0.16199281692319667	0.4385034228955339	-0.940852259402608
656.4564564564564	0.03030832937205345	0.16587216704073582	0.38801495130037056	-0.9408173828644973
656.7567567567568	0.030330217202741278	0.16792028410659476	0.6207700719880035	-0.9406957981869166
657.057057057057	0.030219773693754007	0.168378541956454	0.3577802426436934	-0.9404333325554918
657.3573573573574	0.030179899619679932	0.16970075871347468	0.7446551637338578	-0.9417619953035247
657.6576576576576	0.030202474161482598	0.17013573765559648	1.0939652679763177	-0.940390736748174
657.957957957958	0.030139191621800055	0.17172765178720847	1.6372791574618877	-0.93833127081941
658.2582582582583	0.03011535035195879	0.17190292938628446	1.5612283243351215	-0.9378218926483535
658.5585585585585	0.030041053994290547	0.17189084595003876	1.4099183561830035	-0.9350119999548541
658.8588588588589	0.03000291007894663	0.17331788778639418	1.5291977074833678	-0.9351173316263066
659.1591591591591	0.029968666692703247	0.17624212162654512	1.4949172549136946	-0.9359039520376806
659.4594594594595	0.029920771454608013	0.17532158623196645	1.4056251612573913	-0.9364676611814764
659.7597597597597	0.029851205317041874	0.17744972164688516	1.5328253015670754	-0.9368204296883517
660.0600600600601	0.029772748174184727	0.17613286561284122	1.6230590800136246	-0.9381972699294938
660.3603603603603	0.029777599903292696	0.17576493582090305	1.590551945941112	-0.9347474793986332
660.6606606606607	0.02972974164086255	0.17530703699092864	1.5364291528878031	-0.9363396691575216
660.960960960961	0.02968505387154666	0.17430811778498645	1.4970910665769759	-0.9354275029239287
661.2612612612612	0.02961180625249905	0.1744407213135858	1.2253369056706647	-0.9332185082820095
661.5615615615616	0.029624949232385785	0.17590369335904515	1.057197458771318	-0.9279984807758356
661.8618618618618	0.029600464576301135	0.1764220856874752	0.7052873842435008	-0.9315557332828714
662.1621621621622	0.029578792618629172	0.17804158494076483	0.8090650745789506	-0.9317107586037737
662.4624624624624	0.029536755581592133	0.176121808731786	1.0626456868044842	-0.9342033648861733
662.7627627627628	0.029504859346667783	0.17540127108429898	1.0321524939522597	-0.9345300514065715
663.063063063063	0.02942684029904874	0.17828424644610305	1.3237274163584571	-0.9341355309544762
663.3633633633634	0.029439627600636037	0.17841429672723133	1.27604715974184	-0.9340831560339959
663.6636636636637	0.029448079452487886	0.18068129022983354	1.0984969400940459	-0.9299295080899361
663.9639639639639	0.02947001060804716	0.1817870178239884	0.802296869586883	-0.9263694461334921
664.2642642642643	0.029494892150900582	0.18127853020770315	0.650530762501931	-0.9263594801531112
664.5645645645645	0.029474046709627024	0.18193114651856626	0.42283883528749544	-0.9253161912684349
664.8648648648649	0.029393392802745	0.1841147737178133	0.6358449015937051	-0.9282312795250365
665.1651651651651	0.02941354412549632	0.18381188792117853	0.6364395864384161	-0.9299603066848832
665.4654654654655	0.02934423612761644	0.18427285526142825	0.22640324430227096	-0.9312927022953361
665.7657657657658	0.029341631894812217	0.1829897535821606	0.34943135965163624	-0.9305775334567691
666.066066066066	0.029385450881059316	0.1817796310423317	0.22569629565290178	-0.9276632585679019
666.3663663663664	0.02938219797100641	0.18199336845306402	0.03388060955568354	-0.9256196440301727
666.6666666666666	0.029334557697994253	0.1866551621195972	-0.041755383462811026	-0.9265910843648246
666.966966966967	0.029346697380533932	0.18494500779236747	-0.24115918707777653	-0.9251444183136457
667.2672672672672	0.029352586208050882	0.18598852210696448	-0.12375878488397608	-0.9225888310566629
667.5675675675676	0.0293426581043509	0.18532321527767498	-0.20300202209135598	-0.9259807463767227
667.8678678678679	0.029232702671539226	0.18440094047121855	-0.2808098289122343	-0.9288410169469616
668.1681681681682	0.029175489973126526	0.1855387060324452	-0.21424401615640679	-0.9307961885080926
668.4684684684685	0.029191351287415956	0.18583640852560632	-0.1554252565549339	-0.9303574251496012
668.7687687687687	0.02921107192233659	0.18390604180297807	-0.4516735640983695	-0.9282157735968575
669.0690690690691	0.02916054182497838	0.18571624611379128	-0.42740437701391404	-0.9275726336456034
669.3693693693693	0.029080966224974664	0.18841951630245357	-0.46661310149355967	-0.9286574895118708
669.6696696696697	0.029033902794283112	0.1895819500946629	-0.27498919003677713	-0.9290208664892281
669.96996996997	0.028946095448247642	0.189599975749703	-0.33688209255581164	-0.931277505508498
670.2702702702703	0.028923336718088905	0.19077086697838389	-0.0818999035740038	-0.9313809347523897
670.5705705705706	0.0288798244874048	0.19094566128648718	-0.07182198677907808	-0.9337298954681457
670.8708708708708	0.028901276339256654	0.19065614169147682	0.29653473873299163	-0.9317545310524917
671.1711711711712	0.02879548274983494	0.1914433069101975	0.23897020446186845	-0.9340940406095601
671.4714714714714	0.028756178110674064	0.19248128997448016	0.3490525576832114	-0.9325220921073983
671.7717717717718	0.028725225668349744	0.1953744514111176	0.23471828579942328	-0.93348160585635
672.072072072072	0.02868170285565505	0.19580501967327107	0.19476782872412293	-0.9299112459840133
672.3723723723724	0.02859800556252964	0.1963990484709336	0.15164249581313796	-0.9271536757337422
672.6726726726727	0.028641783340307415	0.19598655233226972	0.18158930153346906	-0.9262361074817262
672.972972972973	0.028525011850364046	0.19810899339936092	0.4539553250679468	-0.9299365369946228
673.2732732732733	0.028538883808036	0.19643455900184215	0.39447256349236814	-0.9300312545856316
673.5735735735735	0.028521112379464576	0.19832519741252239	0.6708778839189417	-0.9273966498668521
673.8738738738739	0.028486908085288403	0.20196581568630392	0.2969476887159539	-0.9277341035242771
674.1741741741741	0.028488641418621733	0.20005701043944868	-0.26560989640370697	-0.9293207517150145
674.4744744744745	0.028523704972057168	0.19753656376075895	-0.5496472067337191	-0.9240982099602423
674.7747747747748	0.028512907027087347	0.19933733292097708	-0.4924430517170316	-0.9250182259321985
675.0750750750751	0.02851103706307362	0.19664589445465638	-0.7152026456685974	-0.9272223148878768
675.3753753753754	0.02850999784826252	0.19685810948850607	-0.9435377095589595	-0.9247474970315811
675.6756756756756	0.02854445287471755	0.1970661679911733	-0.8983424401867615	-0.9226290977423673
675.975975975976	0.028545539647204316	0.19802650548362777	-0.376516763077769	-0.9250081593623154
676.2762762762762	0.02853553441757097	0.19704397994720482	-0.33216708312516185	-0.925127453620013
676.5765765765766	0.028497862398527075	0.1987595022318556	-0.5073036384316386	-0.9263960753098373
676.8768768768768	0.028549437001701677	0.19786900407417765	-0.44271449849626127	-0.9217849449178287
677.1771771771772	0.028521696260960936	0.1980929767541815	-0.28110026051830306	-0.9221116095325999
677.4774774774775	0.028464089850382648	0.198242233027691	-0.6742900960381902	-0.9231326292551123
677.7777777777778	0.02844414910964191	0.1982333599361047	-0.6054202780012015	-0.9213341176969498
678.0780780780781	0.028451480387945056	0.20070500533176636	-0.24877286442965196	-0.9181717653968495
678.3783783783783	0.028362191499056177	0.20433358464915236	0.09875687103427182	-0.9213373366026014
678.6786786786787	0.02833094817418473	0.20462671941102237	0.028050976591989244	-0.9221238988554802
678.978978978979	0.028288642415450854	0.20741552932183835	-0.08335715438595832	-0.9180560273256985
679.2792792792793	0.02826158732762388	0.2066931898367058	-0.0231496378856656	-0.9204762732382279
679.5795795795796	0.028200438182646614	0.20472181303890385	-0.10084923166887477	-0.9217344092871869
679.8798798798799	0.028127623367831808	0.20436030402052824	-0.29895458825851906	-0.9231035107790101
680.1801801801802	0.028116136595345034	0.20375855458016892	-0.39748670057502483	-0.9223476996748834
680.4804804804805	0.02807713130433974	0.20367311322588	-0.4177534374469787	-0.9233047660588327
680.7807807807808	0.02807864982285826	0.20504352507683166	-0.33083122251458924	-0.9226759600531717
681.081081081081	0.028071713314921753	0.20626542005450235	-0.17134470978242064	-0.9224871066646245
681.3813813813814	0.028061348174184732	0.2090999215882272	0.19596399489049518	-0.9227121168673365
681.6816816816817	0.028089094205930764	0.209675549518185	-0.029276181828612406	-0.9205739652379573
681.981981981982	0.02803538938265406	0.2117979448371331	-0.1921430002278457	-0.9219895646656011
682.2822822822823	0.02810690366836834	0.21091654734130827	-0.2678746619737526	-0.9217949947282315
682.5825825825826	0.02811734276043555	0.21008339165994266	-0.3697353966133527	-0.9196492082489672
682.8828828828829	0.028033695141387937	0.21208594989737198	-0.43940556110687035	-0.9212802202077998
683.1831831831831	0.028003493147729697	0.21405625472650605	-0.6098668333139116	-0.9211362151914368
683.4834834834835	0.028034701613338164	0.21527912985902045	-0.6088167018205356	-0.9204818806619546
683.7837837837837	0.028060487856724412	0.21781754340300497	-0.6194737369031605	-0.9150252142287073
684.0840840840841	0.028072015837680514	0.21986348362350566	-0.6436411842306624	-0.9142788635580501
684.3843843843844	0.028040550290586847	0.22098166215388318	-0.7162848915312107	-0.9119198094384297
684.6846846846847	0.02808497992021647	0.2227707700679468	-0.9565977798221249	-0.9128382666279709
684.984984984985	0.028074188324452996	0.22264931552898384	-1.1990097412734622	-0.9127259858027563
685.2852852852853	0.02802296622497466	0.22322282372250274	-1.0610377273931613	-0.9139999746911506
685.5855855855856	0.028024442476822797	0.22397460510644923	-0.7724135171036489	-0.9124670693355174
685.8858858858858	0.02796826899322119	0.222759098086483	-0.5658817185442839	-0.9161363957407176
686.1861861861862	0.027832646709627026	0.22331452986594874	-0.612170092607625	-0.9160454075449745
686.4864864864865	0.027796202326554515	0.22340657531979832	-0.8887643726080913	-0.9169658465835097
686.7867867867868	0.027786703852484166	0.2232454737489295	-0.49927360686949124	-0.9172324557162411
687.0870870870871	0.027752967221803777	0.22407479511243447	-0.21347381560978188	-0.9154894663153497
687.3873873873874	0.027720712133976807	0.22721491348271322	-0.07769573099348594	-0.9163671202884179
687.6876876876877	0.02765916186942655	0.22421747890492918	-0.018828179911146013	-0.917301720470758
687.9879879879879	0.02764546669270325	0.2232938845845218	-0.0430475442486335	-0.919449346829897
688.2882882882883	0.02755795446201914	0.226288840546936	0.3934711667110555	-0.9230530498016333
688.5885885885886	0.02746805704614984	0.2256941170549674	0.29063620636419285	-0.9217900215529558
688.8888888888889	0.027495357575250373	0.22459945326728803	0.343045315361396	-0.9204018406643566
689.1891891891892	0.02747545592657684	0.22235658387293222	-0.06484350584789256	-0.9208554653776538
689.4894894894895	0.027466609304358337	0.22313005742656652	-0.3442385878111224	-0.9198501621954257
689.7897897897898	0.027461845283194314	0.22087123916713147	-0.3324647834666808	-0.9161743422552294
690.0900900900901	0.027482356517049316	0.22269025453976005	-0.29300385611039054	-0.9123443019605656
690.3903903903904	0.027467224180545095	0.2246245956229982	0.07463217690120746	-0.9117343812396498
690.6906906906906	0.027453712133976804	0.22373305376442126	-0.352593497657835	-0.9088677506791714
690.990990990991	0.027502658227094773	0.2241222164836433	-0.42085448582650636	-0.9067537916090858
691.2912912912913	0.02748185399429055	0.22337308224069735	-0.4529306212543016	-0.9047669405872714
691.5915915915916	0.027487491031327582	0.22705053508155038	-0.32014152459018685	-0.903966280343787
691.8918918918919	0.02737111536995192	0.22911952377258168	0.10016672312905338	-0.9052681854320375
692.1921921921922	0.02742507410011065	0.2282678833844979	-0.15850853990570155	-0.9021359754814129
692.4924924924925	0.027432363111743425	0.22531397377626422	0.10464751555569933	-0.8991469975758393
692.7927927927927	0.02738750279428311	0.22594457511107002	0.11356508151939682	-0.8995990455150831
693.0930930930931	0.02735395352656196	0.22696181319406697	0.19120201183742747	-0.8981592466901288
693.3933933933934	0.02736396087259743	0.22383247487899147	0.41580117787078713	-0.8961912683447857
693.6936936936937	0.027384074161482596	0.2241391189123281	0.3815260625936998	-0.8942273199156736
693.993993993994	0.02730371219534875	0.2237768950047809	0.398526900524354	-0.8950019674924056
694.2942942942943	0.027299161930798482	0.22375232192015043	0.23396951322742784	-0.8960799511812548
694.5945945945946	0.02719734176360644	0.22614124087632628	0.4564761093212225	-0.9022792368054626
694.894894894895	0.0271483629276276	0.22585185737170632	0.43360193701048877	-0.8985667342909269
695.1951951951952	0.027129253994290548	0.22526162889543097	0.5630776156070332	-0.8996069931008887
695.4954954954954	0.027081578862015416	0.22651780357443826	0.32711556642519746	-0.9025830684364631
695.7957957957958	0.027203848641913313	0.22457485525069942	-0.4001887338222524	-0.8975464363856823
696.0960960960961	0.027170046525511193	0.22337507147576027	-0.4396610829192555	-0.8984236600294431
696.3963963963964	0.027186987204879998	0.22691837118495933	-0.43556277049968545	-0.8964288599007674
696.6966966966967	0.02718005704614984	0.23002516215593236	-0.5162066414575865	-0.8950308816163364
696.996996996997	0.02722852277735933	0.2312295673397141	-0.4415824375933677	-0.8912887538233579
697.2972972972973	0.02714639261862917	0.23188604697812887	-0.6310770324066493	-0.8938895298387122
697.5975975975975	0.02712259044085512	0.23275236171433972	-0.711894412957015	-0.8956807038606144
697.8978978978979	0.02707747410011065	0.23266922888617217	-0.757696451398193	-0.8967888818656786
698.1981981981982	0.027121645590054023	0.23209413610363222	-0.7376262143302763	-0.8937461604381104
698.4984984984985	0.0271138043815847	0.23375535547771634	-0.6738024946102268	-0.8911272795885662
698.7987987987988	0.027100803323383642	0.23595492844977106	-0.8863906522701794	-0.893713797334965
699.0990990990991	0.02706335141015985	0.23571821415541788	-0.8447081451252474	-0.8950947378666781
699.3993993993994	0.026988146119154555	0.23625579736794486	-0.7457795057578308	-0.8938550985011153
699.6996996996997	0.02690406040486884	0.236980874915465	-0.36013939640799936	-0.8962620686330476
700.0	0.02689340014878046	0.2397306225112546	-0.3243798415422506	-0.8943690722618962
